"transaction_id","transaction_date","customer_name","phone_number","category","item_name","item_size","color","quantity","price_per_unit","discount_percentage","total_amount","payment_mode","branch_name","sales_rep_name"
"1","08-09-2024","Walk-in","NA","Men","Shirt","M","White","1","0","0","0.0","UPI","Mall Road","Rahul"
"2","2023-08-03","Walk-in","2832764835","Women","PALAZZO","Standard","White","1","599","0","599.0","UPI","Main Market","Sneha"
"3","08/13/2023","Walk-in","0122691669","Kids","Frock","XL","Grey","2","299","10","538.2","Cash","","Vikas"
"4","09/15/2024","Walk-in","2880957015","Kids","T-Shirt","Standard","Black","1","399","0","399.0","Cash","Main Market","AMIT"
"5","2024-02-13","ANJALI","7133150983","Men","jacket","Standard","Grey","1","999","20","799.2","Cash","Mall Road","Priya"
"6","25/02/24","Walk-in","1065133387","Women","Leggings","M","Pink","1","1599","0","1599.0","Cash","Mall Road","Priya"
"7","13/03/25","Sunita Sharma","8723430980","Men","Blazer","S","White","1","499","0","499.0","Cash","Main Market","Priya"
"8","09/25/2023","Anil Kumar","NA","Women","KURTI","M","Maroon","1","1199","0","1199.0","Card","Main Market","Rahul"
"9","2024-12-21","Walk-in","NoContact","Accessories","SOCKS","Free Size","Pink","1","149","0","149.0","Cash","Mall Road","Priya"
"10","05/04/23","Sunita Sharma","NoContact","Men","blazer","L","Green","2","999","10","1798.2","Cash","","AMIT"
"11","31-05-2025","Anil Kumar","NA","Accessories","Socks","Free Size","Blue","1","199","10","179.1","Card","Station Branch","Amit"
"12","27-01-2024","ANJALI","NA","Women","dupatta","M","Maroon","3","449","0","1347.0","UPI","Main Market","Rahul"
"13","09/25/2023","Sunita Sharma","NoContact","Women","Dress","L","Blue","2","599","0","0.0","Card","Station Branch","Priya"
"14","2023-03-13","Anil Kumar","1484656482","Accessories","Socks","One Size","Red","2","399","20","638.40000000000009","Cash","Station Branch","Vikas"
"15","23-06-2023","Sunita Sharma","9513433200","Accessories","Socks","One Size","Green","2","299.00","10","538.2","Card","","Sneha"
"16","13-09-2023","ANJALI","NoContact","Accessories","Cap","Free Size","Black","3","99","0","297.0","Card","Mall Road","rahul"
"17","2023-11-24","Walk-in","NoContact","Accessories","Wallet","One Size","Green","1","399.00","0","399.0","Cash","Mall Road","rahul"
"18","19/06/25","Sunita Sharma","6417080531","Accessories","Socks","Free Size","Maroon","1","0","0","0.0","Cash","Station Branch","Amit"
"19","2023-04-21","Walk-in","9663193149","Women","Saree","Standard","Navy","2","899","20","1438.4","Other","Mall Road","Priya"
"20","21/04/24","Sunita Sharma","3147379965","Kids","Tshirt","XL","Blue","2","499.00","20","798.40000000000009","UPI","Mall Road","Vikas"
"21","10/29/2023","Pooja Verma","4957885685","Kids","T-Shirt","S","White","2","499","0","998.0","Card","Main Market","Amit"
"22","10/29/2023","Pooja Verma","4957885685","Kids","T-Shirt","S","White","2","499","0","998.0","Card","Main Market","Amit"
"23","08-10-2023","Walk-in","2710947775","Women","Saree","L","Navy","1","1199","0","1199.0","Cash","Mall Road","AMIT"
"24","2025-03-05","Pooja Verma","7496499091","Men","Kurta","M","Black","3","1499","0","4497.0","Cash","Station Branch","Priya"
"25","2025-03-17","Ramesh Gupta","8324210249","Women","Kurti","XL","Navy","3","599","0","1797.0","Card","Mall Road","AMIT"
"26","2024-11-19","Walk-in","2787429671","Accessories","Belt","One Size","Yellow","3","99","10","267.3","Card","","AMIT"
"27","18/04/24","Walk-in","NA","Kids","Shirt","XL","Blue","2","399","0","798.0","Cash","Main Market","Vikas"
"28","11/26/2023","Ramesh Gupta","3605766270","Kids","Shorts","L","Green","1","499.00","0","499.0","Card","Main Market","AMIT"
"29","2024-01-25","ANJALI","0913431611","Men","blazer","Standard","Black","1","399","10","359.1","UPI","Mall Road","House Account"
"30","05/27/2023","ANJALI","7407482175","Accessories","Wallet","One Size","Navy","1","149","0","149.0","UPI","Main Market","rahul"
"31","03-12-2024","ANJALI","4395339421","Accessories","Belt","One Size","Navy","1","0","0","0.0","Cash","Main Market","Vikas"
"32","2023-10-30","Walk-in","1236851604","Kids","shirt","M","Black","1","399","10","359.1","Other","Mall Road","Priya"
"33","2023-02-08","ANJALI","NoContact","Women","Dress","XXL","Pink","2","1199","0","2398.0","Card","","rahul"
"34","2024-07-11","Walk-in","3171390053","Women","DRESS","XL","Navy","1","599","0","599.0","UPI","Main Market","Sneha"
"35","29-09-2023","Walk-in","8117758917","Kids","Frock","L","Black","1","399","0","399.0","UPI","Mall Road","AMIT"
"36","29-09-2023","Walk-in","8117758917","Kids","Frock","L","Black","1","399","0","399.0","UPI","Mall Road","AMIT"
"37","2025-02-01","Walk-in","9885165604","Kids","Shirt","XL","Blue","1","399","10","0.0","UPI","Main Market","House Account"
"38","26-12-2023","Walk-in","9612018366","Kids","T-Shirt","XXL","White","1","199","15","169.15","UPI","Main Market","Rahul"
"39","2023-10-18","ANJALI","4036900343","Women","Saree","S","Green","1","1599","0","1599.0","Card","Main Market","Amit"
"40","19/02/24","Sunita Sharma","NoContact","Accessories","Socks","One Size","Blue","3","0","0","0.0","UPI","Mall Road","House Account"
"41","2023-04-27","Walk-in","NA","Men","TROUSERS","M","Maroon","1","999","0","999.0","Other","Main Market","Sneha"
"42","2025-06-22","Anil Kumar","5271774490","Men","T-Shirt","Standard","Black","1","999","10","899.1","UPI","Main Market","Priya"
"43","2023-03-28","Walk-in","NoContact","Accessories","Cap","One Size","Navy","1","399.00","15","339.15","UPI","Main Market","House Account"
"44","18-03-2025","Walk-in","8059296222","Accessories","Socks","Free Size","Yellow","1","199","0","199.0","Card","Mall Road","Sneha"
"45","16/10/23","Walk-in","2392407581","Accessories","Socks","Free Size","White","2","299","10","538.2","Card","Station Branch","Amit"
"46","2025-05-09","Walk-in","NoContact","Accessories","Belt","One Size","Yellow","1","299","0","299.0","Cash","","AMIT"
"47","02/18/2023","Pooja Verma","9711798089","Accessories","Socks","Free Size","Red","1","399","0","399.0","UPI","Station Branch","rahul"
"48","02/10/2025","Sunita Sharma","0541566765","Men","Blazer","S","Green","1","499","0","0.0","Cash","","rahul"
"49","02-04-2024","Anil Kumar","6401658202","Men","trousers","XXL","Green","2","599","0","1198.0","Other","Mall Road","House Account"
"50","01/27/2023","ANJALI","8144739473","Accessories","Socks","Free Size","Grey","1","99","0","99.0","Card","Main Market","House Account"
"51","2024-01-05","Anil Kumar","8291146786","Kids","T-Shirt","L","Black","1","299","0","299.0","Card","Mall Road","House Account"
"52","2024-06-15","Walk-in","8424981829","Women","dupatta","M","Maroon","1","1999","15","1699.1499999999999","UPI","Main Market","Rahul"
"53","02/12/24","Sunita Sharma","0276773592","Men","Shirt","M","Navy","2","799","0","1598.0","Cash","Mall Road","Priya"
"54","06/05/2025","Anil Kumar","5327877470","Kids","Frock","S","Green","3","0","0","0.0","UPI","Mall Road","Rahul"
"55","2023-02-22","Walk-in","NA","Men","Jeans","Standard","Grey","2","599.00","0","1198.0","UPI","Mall Road","Priya"
"56","2023-06-02","Walk-in","NoContact","Women","Kurti","L","Yellow","1","599","10","539.1","UPI","","Vikas"
"57","2023-09-29","Ramesh Gupta","9728962309","Kids","Shirt","XL","Red","2","199","0","398.0","UPI","Mall Road","AMIT"
"58","2025-03-01","ANJALI","NA","Men","blazer","XXL","White","1","999","0","0.0","UPI","Mall Road","Sneha"
"59","03/02/2025","Sunita Sharma","NoContact","Accessories","Scarf","Free Size","Pink","1","199","0","199.0","Other","Mall Road","AMIT"
"60","2024-02-28","ANJALI","NoContact","Women","Saree","Standard","Green","1","0","0","0.0","Cash","Mall Road","AMIT"
"61","06/22/2025","Walk-in","6724004991","Accessories","Wallet","One Size","Green","3","399","10","1077.3","Cash","Station Branch","AMIT"
"62","2023-06-29","Pooja Verma","8516122753","Kids","FROCK","L","Black","1","0","0","0.0","Card","Mall Road","Rahul"
"63","2023-10-30","Ramesh Gupta","NA","Kids","Shorts","S","Blue","2","299","0","598.0","UPI","Mall Road","rahul"
"64","06/01/2024","Walk-in","NoContact","Accessories","Socks","Free Size","Navy","1","399.00","0","399.0","UPI","","AMIT"
"65","01/04/2023","Walk-in","NoContact","Men","Kurta","Standard","Grey","2","499","10","898.2","Cash","Mall Road","Rahul"
"66","05/02/2023","Walk-in","2300478686","Kids","shirt","M","Maroon","2","499","0","0.0","Cash","Main Market","rahul"
"67","11-08-2023","Walk-in","4395995342","Men","T-Shirt","S","Blue","1","999","0","999.0","UPI","","Amit"
"68","09/04/2023","Sunita Sharma","2708668826","Accessories","Socks","Free Size","Yellow","1","399","0","0.0","Card","Main Market","Sneha"
"69","2023-12-07","Walk-in","NA","Men","Jeans","XXL","Navy","2","399","0","798.0","Card","Main Market","Sneha"
"70","11/24/2023","Anil Kumar","0932048996","Accessories","Wallet","One Size","Maroon","1","199","10","179.1","UPI","Mall Road","House Account"
"71","2023-03-02","Walk-in","1006231203","Kids","Shirt","XL","Black","1","399","0","399.0","Card","","AMIT"
"72","2023-04-08","Walk-in","NA","Men","Trousers","XL","Pink","2","0","20","0.0","UPI","Main Market","Priya"
"73","2024-07-07","Pooja Verma","2185016315","Kids","t-shirt","L","Red","2","299","10","538.2","Other","Mall Road","AMIT"
"74","12/29/2024","Pooja Verma","1104754121","Accessories","Wallet","One Size","Maroon","1","99","0","99.0","Cash","Main Market","House Account"
"75","2023-05-23","Sunita Sharma","2126464715","Men","Kurta","XL","Red","1","599","0","599.0","UPI","Mall Road","Priya"
"76","2023-11-25","Ramesh Gupta","2654793564","Women","Leggings","XL","Yellow","3","1199.00","10","3237.3","UPI","Main Market","Rahul"
"77","04/09/24","Pooja Verma","6805891135","Accessories","Wallet","One Size","Blue","1","299","10","269.1","Other","Mall Road","House Account"
"78","26/01/23","Walk-in","1125457387","Accessories","Belt","Free Size","Green","2","299","0","0.0","Cash","","Priya"
"79","17/10/24","Pooja Verma","NoContact","Men","Jacket","S","Black","1","1299","0","1299.0","Card","Main Market","Sneha"
"80","2023-11-17","Pooja Verma","9155792499","Women","LEGGINGS","XXL","Blue","1","1999","0","0.0","Cash","Mall Road","Amit"
"81","03-01-2024","ANJALI","NoContact","Accessories","cap","One Size","Maroon","1","399","0","399.0","Card","Mall Road","AMIT"
"82","30/01/25","Walk-in","9148580783","Accessories","Cap","Free Size","Blue","1","0","0","0.0","Cash","Mall Road","Vikas"
"83","2024-06-29","Walk-in","NA","Kids","T Shirt","S","White","1","399","10","359.1","UPI","","Priya"
"84","2024-08-14","Pooja Verma","1168457759","Women","Dupatta","S","Green","3","1599","10","4317.3","Card","","House Account"
"85","18-12-2023","Walk-in","NoContact","Men","Jacket","M","Maroon","2","1499","0","0.0","Cash","Mall Road","AMIT"
"86","2024-10-02","Ramesh Gupta","1103712938","Men","Trousers","M","Green","1","499","0","499.0","Card","","Amit"
"87","11/24/2024","Walk-in","0927532697","Accessories","Belt","One Size","Blue","1","99","20","0.0","Card","Mall Road","rahul"
"88","2024-02-06","Walk-in","3761379180","Kids","Frock","L","Blue","1","399","0","399.0","Card","Station Branch","Amit"
"89","19/12/24","Walk-in","8924141832","Accessories","Belt","Free Size","Red","1","99","0","99.0","Cash","Mall Road","rahul"
"90","2023-12-22","Walk-in","4252410564","Women","Kurti","S","Maroon","1","899","10","809.1","UPI","Mall Road","Rahul"
"91","08-09-2023","ANJALI","2208635365","Accessories","socks","One Size","Black","2","399","0","798.0","Cash","Main Market","Sneha"
"92","2023-11-08","Ramesh Gupta","9738320603","Men","TROUSERS","Standard","Green","1","0","0","0.0","Other","Mall Road","Vikas"
"93","17/01/24","Walk-in","8261990623","Men","T-Shirt","XL","Grey","3","0","0","0.0","Card","Mall Road","AMIT"
"94","01/08/23","Sunita Sharma","1124903521","Kids","FROCK","Standard","Black","1","199","0","199.0","Cash","Main Market","rahul"
"95","17-01-2024","Sunita Sharma","1013721510","Accessories","Socks","Free Size","Grey","1","0","0","0.0","Card","Main Market","rahul"
"96","2025-06-22","ANJALI","NoContact","Accessories","Wallet","Free Size","Black","1","0","0","0.0","UPI","Main Market","Rahul"
"97","12/07/23","Walk-in","7010393087","Women","Saree","XXL","Yellow","2","0","0","0.0","Cash","Mall Road","Rahul"
"98","11/06/23","ANJALI","2895392644","Men","t-shirt","S","Pink","2","1499","0","2998.0","Card","Station Branch","Rahul"
"99","2023-04-01","ANJALI","NoContact","Women","Top","XXL","White","1","1199","0","1199.0","Cash","","Rahul"
"100","08/19/2023","ANJALI","NoContact","Men","Trousers","XL","Black","1","799","0","799.0","Cash","Main Market","House Account"
"101","07/30/2023","Pooja Verma","8444310698","Women","dress","S","Pink","2","599.00","0","1198.0","Other","","AMIT"
"102","2024-10-19","Pooja Verma","NA","Women","Kurti","M","Black","1","599","10","539.1","UPI","Mall Road","AMIT"
"103","10/05/25","Walk-in","8793741608","Kids","Frock","XXL","Red","1","199","0","199.0","Card","Main Market","Amit"
"104","06-04-2025","Walk-in","6854870998","Women","Dupatta","M","Red","3","349","0","1047.0","Cash","Main Market","Priya"
"105","2025-06-29","Ramesh Gupta","NoContact","Kids","Shorts","L","Maroon","2","499","0","998.0","Card","Mall Road","Vikas"
"106","21/02/24","Walk-in","0821486289","Kids","SHIRT","M","Black","2","499","0","998.0","UPI","Main Market","AMIT"
"107","2024-08-23","Anil Kumar","4140602933","Men","Jeans","L","Yellow","1","1499","0","1499.0","Other","Main Market","AMIT"
"108","2024-06-17","Pooja Verma","0858994417","Women","palazzo","XXL","Red","1","599.00","0","599.0","UPI","","Vikas"
"109","2023-02-06","Ramesh Gupta","3875842824","Women","Saree","S","Navy","1","1599","0","1599.0","Cash","","House Account"
"110","2024-08-17","Walk-in","3816846022","Men","T-Shirt","M","Green","3","799","0","2397.0","Cash","Mall Road","Amit"
"111","09-03-2025","Walk-in","6667600835","Men","Trousers","M","Yellow","1","1299","0","1299.0","Cash","","Sneha"
"112","30-07-2023","Sunita Sharma","1849926189","Accessories","Scarf","Free Size","Blue","1","99","0","99.0","UPI","Mall Road","Sneha"
"113","30-06-2025","Walk-in","2557941552","Accessories","Scarf","One Size","Red","2","99","10","178.20000000000002","Card","Mall Road","Amit"
"114","06/20/2025","ANJALI","1670145089","Men","T-Shirt","M","Blue","1","799","0","799.0","UPI","Main Market","rahul"
"115","08/02/25","Anil Kumar","NA","Women","Dress","Standard","Black","3","1999","0","5997.0","Other","Mall Road","rahul"
"116","2024-07-24","Walk-in","9948837550","Women","Kurti","XL","Navy","2","349","0","0.0","Other","Mall Road","AMIT"
"117","30/01/25","Walk-in","3316373516","Men","Shirt","S","Yellow","1","599","0","599.0","Card","Mall Road","Amit"
"118","31/05/24","Pooja Verma","3465472269","Accessories","Belt","One Size","Navy","1","399","0","399.0","UPI","","Sneha"
"119","07/08/24","Walk-in","6081062003","Women","Saree","L","Black","2","1599","0","3198.0","Cash","Main Market","Vikas"
"120","26/01/24","Pooja Verma","5800439735","Women","Dupatta","L","Grey","3","1199","0","0.0","UPI","Mall Road","Amit"
"121","08-06-2023","Walk-in","9094798515","Men","t-shirt","XXL","Blue","2","799","0","1598.0","UPI","Station Branch","rahul"
"122","21/12/23","Ramesh Gupta","9930561648","Men","Jeans","M","Yellow","1","599","10","539.1","UPI","Mall Road","AMIT"
"123","2023-07-30","Pooja Verma","1207501102","Men","Jeans","L","Pink","1","399","10","359.1","Card","Mall Road","rahul"
"124","2025-03-16","Walk-in","7660728326","Accessories","Scarf","One Size","Blue","1","0","10","0.0","Other","Mall Road","Rahul"
"125","06/08/2024","Walk-in","NA","Women","Kurti","S","Navy","2","899","0","1798.0","Other","Station Branch","Rahul"
"126","03/13/2023","Anil Kumar","5949299556","Accessories","SOCKS","One Size","Blue","1","399.00","0","399.0","Other","Mall Road","Vikas"
"127","07/05/2024","Sunita Sharma","1108099693","Kids","Frock","XL","Grey","2","399","0","798.0","Cash","Mall Road","rahul"
"128","10-04-2024","Walk-in","5184498926","Kids","T-Shirt","XL","White","3","0","0","0.0","Card","Main Market","rahul"
"129","30/04/25","Walk-in","2984257991","Women","kurti","L","Black","2","899","10","1618.2","UPI","","rahul"
"130","02/01/23","Walk-in","0863765991","Women","TOP","M","Grey","1","1199","10","1079.1000000000001","UPI","Station Branch","rahul"
"131","2024-08-22","Sunita Sharma","6959463688","Kids","Frock","S","Navy","1","199","0","199.0","Card","","rahul"
"132","02/23/2023","Pooja Verma","0127961143","Women","DUPATTA","M","Grey","1","1599","0","1599.0","Other","Station Branch","Vikas"
"133","21-11-2024","Anil Kumar","NA","Men","jacket","XL","Grey","2","0","0","0.0","Card","Mall Road","rahul"
"134","2024-02-18","Walk-in","6818184518","Accessories","Socks","Free Size","Blue","3","399","0","1197.0","Card","Station Branch","AMIT"
"135","10/11/24","Walk-in","8075957947","Accessories","Wallet","Free Size","Green","3","149","10","402.3","UPI","Main Market","Rahul"
"136","2024-01-24","Walk-in","9428434795","Accessories","Cap","One Size","Maroon","1","299","0","299.0","Card","Mall Road","AMIT"
"137","05-04-2025","Walk-in","2885744890","Women","top","XXL","White","1","349","10","314.1","Other","Main Market","AMIT"
"138","2024-08-13","Walk-in","NA","Kids","Shorts","L","Pink","3","0","0","0.0","Card","","AMIT"
"139","2023-11-18","Sunita Sharma","9647598762","Men","Trousers","XL","Black","3","1499","0","4497.0","Cash","Main Market","Amit"
"140","25/06/25","Sunita Sharma","NA","Accessories","BELT","Free Size","Grey","1","299","0","299.0","UPI","Main Market","Rahul"
"141","2025-02-05","Pooja Verma","8457831745","Men","Blazer","L","Grey","2","799.00","0","1598.0","Cash","Mall Road","Vikas"
"142","02/09/2024","Walk-in","6634163894","Accessories","Socks","One Size","Grey","2","199","0","398.0","Cash","Main Market","Amit"
"143","24-03-2024","Ramesh Gupta","NoContact","Kids","T Shirt","XXL","Grey","2","499","0","0.0","Card","Mall Road","AMIT"
"144","02/25/2025","Pooja Verma","7303718376","Men","JEANS","M","Red","3","599","0","1797.0","UPI","Station Branch","Priya"
"145","02/25/2025","Pooja Verma","7303718376","Men","JEANS","M","Red","3","599","0","1797.0","UPI","Station Branch","Priya"
"146","03/19/2025","Walk-in","9792513271","Kids","Shirt","M","Yellow","1","299","0","299.0","Card","","Amit"
"147","2024-11-05","Pooja Verma","NA","Accessories","Scarf","One Size","Grey","1","149","0","149.0","UPI","Mall Road","rahul"
"148","02/02/24","Walk-in","9405391037","Kids","T-SHIRT","XXL","Blue","1","299","0","299.0","Card","Mall Road","Rahul"
"149","2023-07-03","Walk-in","1957612286","Kids","T-SHIRT","L","Blue","1","199","0","199.0","Card","Station Branch","House Account"
"150","01-01-2023","Sunita Sharma","8240433504","Kids","Shirt","L","Navy","1","299","0","299.0","Card","Mall Road","Amit"
"151","2025-04-25","Walk-in","4096105566","Women","Leggings","XXL","White","1","599","10","539.1","Cash","","rahul"
"152","2024-09-01","Walk-in","NoContact","Men","Jeans","L","Pink","2","999","0","1998.0","Card","Main Market","AMIT"
"153","2024-09-22","Ramesh Gupta","NA","Men","Kurta","L","Blue","1","799","0","799.0","UPI","Main Market","Priya"
"154","02/15/2023","Ramesh Gupta","2110392405","Accessories","Cap","Free Size","White","3","199","0","597.0","UPI","Main Market","Sneha"
"155","09-01-2023","Pooja Verma","5104636815","Kids","shirt","S","Maroon","3","199","0","597.0","UPI","","Rahul"
"156","10-10-2023","Sunita Sharma","0843256216","Men","T-Shirt","L","Grey","2","799","10","0.0","UPI","Main Market","rahul"
"157","19/05/23","Walk-in","9251881252","Kids","Shorts","XXL","Black","3","299","0","897.0","Card","","Vikas"
"158","09/03/25","Walk-in","9752677223","Women","Dupatta","S","Black","1","349","0","349.0","Card","Main Market","Sneha"
"159","2025-01-30","Walk-in","0817703886","Women","kurti","XL","Navy","3","1599","10","4317.3","UPI","Mall Road","AMIT"
"160","2024-08-22","Walk-in","5702793714","Accessories","Scarf","One Size","Black","2","399","10","718.2","Cash","Main Market","AMIT"
"161","05/29/2023","Walk-in","4742123094","Kids","Tshirt","XXL","Navy","2","499","10","898.2","UPI","Mall Road","Sneha"
"162","2023-02-26","Walk-in","NoContact","Women","Top","XL","Maroon","2","349","10","628.2","Card","Main Market","Rahul"
"163","24-01-2024","Pooja Verma","1472145868","Men","trousers","Standard","Green","1","999","0","999.0","Other","Station Branch","Priya"
"164","24/05/24","Walk-in","3430107139","Accessories","Socks","One Size","Navy","1","399","0","399.0","Cash","","Sneha"
"165","06/29/2023","Anil Kumar","7702727857","Kids","SHORTS","L","Green","1","399","0","399.0","Other","Mall Road","Rahul"
"166","06/29/2023","Anil Kumar","7702727857","Kids","SHORTS","L","Green","1","399","0","399.0","Other","Mall Road","Rahul"
"167","2023-04-30","Anil Kumar","4617357438","Women","Top","L","Blue","3","599","0","1797.0","Card","Station Branch","Rahul"
"168","30-07-2023","ANJALI","8104091570","Accessories","socks","Free Size","Yellow","3","199","0","597.0","UPI","","Sneha"
"169","2023-11-23","Walk-in","4932149587","Kids","Frock","L","Green","1","499","0","499.0","Card","Main Market","Priya"
"170","08/04/2024","Walk-in","7174773329","Accessories","cap","One Size","Navy","2","149","10","268.2","Card","Mall Road","AMIT"
"171","26-03-2025","Anil Kumar","1487696393","Accessories","BELT","One Size","Blue","2","149","0","298.0","UPI","Mall Road","rahul"
"172","2023-03-13","Walk-in","9657013290","Kids","frock","S","Navy","1","199","0","199.0","Card","Main Market","Sneha"
"173","24-02-2023","Walk-in","5140369656","Kids","Shorts","XL","Yellow","1","199","0","199.0","UPI","Mall Road","House Account"
"174","05/04/25","ANJALI","9692786876","Accessories","Wallet","Free Size","Black","1","149","0","149.0","UPI","","Vikas"
"175","2023-03-22","Walk-in","NA","Accessories","Socks","Free Size","Red","1","99","15","84.149999999999992","Other","","Vikas"
"176","2025-02-06","Sunita Sharma","NoContact","Men","Jeans","XL","Grey","1","999","0","0.0","UPI","","Rahul"
"177","08/28/2024","ANJALI","2437280512","Kids","SHIRT","M","Pink","3","399","20","957.6","Card","Main Market","AMIT"
"178","28/08/23","Pooja Verma","2860476580","Women","Saree","S","Green","1","1999","10","1799.1000000000001","UPI","","Vikas"
"179","12/07/2024","Anil Kumar","0106181753","Kids","Shorts","S","Green","2","499","20","798.40000000000009","UPI","","Sneha"
"180","11/10/23","Anil Kumar","1406650442","Men","BLAZER","S","Navy","1","499","0","499.0","Card","Main Market","Amit"
"181","08/02/23","Sunita Sharma","NA","Accessories","WALLET","One Size","Green","1","99","0","99.0","Card","Mall Road","rahul"
"182","24-10-2024","Anil Kumar","5174328063","Accessories","Belt","Free Size","Maroon","1","99","0","99.0","Card","Main Market","AMIT"
"183","05-04-2024","Walk-in","5061387829","Women","Saree","M","Red","2","1199","0","0.0","Cash","Mall Road","Rahul"
"184","2025-03-29","Ramesh Gupta","NoContact","Women","palazzo","S","Black","2","349.00","10","628.2","Other","Mall Road","House Account"
"185","07/20/2024","ANJALI","NA","Men","blazer","L","White","3","0","0","0.0","Other","Station Branch","rahul"
"186","2023-05-27","Walk-in","3290927914","Women","Kurti","S","Red","3","449","0","1347.0","Cash","Station Branch","House Account"
"187","2023-09-15","ANJALI","NoContact","Women","Dress","L","Red","1","349.00","0","349.0","Cash","Mall Road","Priya"
"188","14-08-2023","ANJALI","0623972652","Men","T Shirt","XXL","Navy","1","599","20","479.20000000000005","Cash","","Rahul"
"189","2024-08-14","Ramesh Gupta","NoContact","Kids","FROCK","XL","Grey","3","399","10","1077.3","UPI","Mall Road","AMIT"
"190","2025-01-21","Walk-in","6717731806","Kids","Tshirt","M","White","1","299","0","299.0","Card","","Vikas"
"191","02-01-2023","Pooja Verma","5804649893","Women","Palazzo","XXL","Navy","3","899","0","2697.0","Other","Mall Road","Rahul"
"192","2023-09-02","Walk-in","9335548640","Men","Trousers","XL","Navy","2","399","0","798.0","Cash","Mall Road","Vikas"
"193","05/23/2024","Ramesh Gupta","0468275670","Accessories","Socks","Free Size","White","1","299","0","299.0","UPI","","House Account"
"194","23-10-2023","Walk-in","7292842222","Accessories","Socks","One Size","Grey","3","299","20","0.0","UPI","Mall Road","Amit"
"195","29/05/23","Anil Kumar","NA","Women","Top","L","Yellow","1","599","0","599.0","Other","","Vikas"
"196","2023-02-26","Ramesh Gupta","3430187186","Accessories","scarf","One Size","Yellow","1","99","0","99.0","Other","Mall Road","rahul"
"197","29/01/25","ANJALI","6629912347","Women","Palazzo","L","Maroon","3","349","0","0.0","Card","Main Market","Rahul"
"198","08/11/23","Walk-in","3002447146","Accessories","Scarf","Free Size","Pink","2","149","15","253.29999999999998","UPI","Mall Road","Priya"
"199","04/17/2024","Anil Kumar","NA","Kids","Shirt","L","Grey","3","199","0","597.0","Card","Main Market","Vikas"
"200","2024-12-05","Walk-in","5202845765","Kids","T-Shirt","M","Blue","3","299","0","0.0","UPI","Station Branch","Priya"
"201","12/17/2023","Sunita Sharma","NoContact","Accessories","CAP","Free Size","Black","1","199","0","199.0","Cash","","Sneha"
"202","2025-03-23","Walk-in","4014011939","Kids","Frock","Standard","Blue","1","0","0","0.0","UPI","Station Branch","House Account"
"203","04/12/2023","Walk-in","7592712566","Kids","Frock","XXL","Navy","1","199","10","179.1","Cash","Mall Road","Priya"
"204","03/30/2024","Walk-in","6317520716","Women","Dress","L","Pink","1","349.00","0","349.0","UPI","Main Market","Amit"
"205","13/02/25","Anil Kumar","9678427114","Men","Jeans","Standard","White","1","999","20","799.2","Cash","Mall Road","Rahul"
"206","2024-05-17","Sunita Sharma","8800616756","Women","Dress","M","Green","1","1199","0","1199.0","Cash","Mall Road","rahul"
"207","27/09/23","Pooja Verma","5450090255","Women","Leggings","XL","Blue","1","1599","0","1599.0","Card","Mall Road","House Account"
"208","2023-01-21","Anil Kumar","NoContact","Accessories","Scarf","Free Size","White","3","0","0","0.0","Card","Mall Road","Rahul"
"209","2024-05-29","Walk-in","5637183440","Accessories","Socks","One Size","Maroon","2","0","0","0.0","Cash","","Priya"
"210","11/17/2023","Pooja Verma","9878208297","Kids","SHORTS","XXL","Pink","1","299","0","299.0","Other","Station Branch","rahul"
"211","2024-02-27","Sunita Sharma","4936312303","Men","Kurta","L","Grey","3","499","0","1497.0","Cash","Main Market","Amit"
"212","02-11-2023","Pooja Verma","1623198189","Kids","Frock","L","Green","1","299","10","269.1","Cash","Mall Road","House Account"
"213","2023-04-26","Walk-in","3425754090","Accessories","Wallet","Free Size","Black","2","199.00","0","398.0","UPI","Mall Road","rahul"
"214","11/01/2023","Walk-in","5604177656","Kids","SHORTS","XXL","White","1","499","10","449.1","Card","Mall Road","House Account"
"215","12/31/2024","Pooja Verma","5772429543","Accessories","Belt","Free Size","Grey","1","99.00","0","99.0","UPI","Main Market","Rahul"
"216","03-08-2024","Walk-in","6771333447","Men","Kurta","S","Grey","1","499.00","10","449.1","Other","Main Market","rahul"
"217","10/12/24","Ramesh Gupta","6941180053","Women","dress","S","Green","1","449","0","0.0","Cash","Main Market","Vikas"
"218","27/06/24","Walk-in","5027456449","Accessories","Scarf","One Size","Black","1","199","0","199.0","Card","Main Market","AMIT"
"219","2024-01-01","ANJALI","1215134228","Men","t-shirt","S","White","1","499","10","449.1","Cash","Station Branch","Amit"
"220","30/04/25","ANJALI","4905097592","Accessories","Belt","One Size","Blue","1","99","0","0.0","Cash","","Priya"
"221","10/31/2024","Walk-in","6492515837","Accessories","Belt","One Size","Black","1","0","15","0.0","Card","Mall Road","Amit"
"222","31/03/25","Sunita Sharma","NoContact","Accessories","CAP","Free Size","Pink","2","149","0","298.0","UPI","Mall Road","Vikas"
"223","2023-03-25","Walk-in","NoContact","Men","KURTA","S","Pink","2","0","15","0.0","Card","Main Market","Priya"
"224","23-09-2023","Pooja Verma","0610277697","Accessories","Scarf","One Size","Grey","1","199","0","199.0","Other","Mall Road","Vikas"
"225","2025-05-28","Ramesh Gupta","NoContact","Men","t-shirt","S","White","2","399","0","798.0","Cash","Main Market","Amit"
"226","18/03/24","ANJALI","9840767899","Accessories","Cap","Free Size","Grey","1","199","0","199.0","Cash","Mall Road","House Account"
"227","11/24/2024","Walk-in","8015619318","Women","saree","XXL","Grey","1","1999","0","0.0","Cash","Station Branch","Vikas"
"228","21-06-2023","Ramesh Gupta","2478712552","Women","DUPATTA","S","Grey","3","899","10","2427.3","Cash","Main Market","AMIT"
"229","01/04/25","Pooja Verma","7850720811","Kids","shorts","S","Green","3","499","0","1497.0","Cash","","Amit"
"230","08/11/23","Walk-in","NoContact","Men","Kurta","XXL","Yellow","2","0","0","0.0","Card","Main Market","Rahul"
"231","2023-10-19","Walk-in","8315893571","Men","Trousers","XXL","Red","2","799","20","1278.4","Card","Main Market","AMIT"
"232","03/02/2024","Walk-in","7728813770","Women","DRESS","L","Pink","1","1199","10","1079.1000000000001","Card","Main Market","Priya"
"233","2023-11-09","Ramesh Gupta","NA","Kids","Shorts","Standard","Black","3","399","10","0.0","Cash","Main Market","rahul"
"234","2025-06-06","Walk-in","9663658074","Accessories","Socks","One Size","Yellow","2","399","0","798.0","UPI","Station Branch","Priya"
"235","2023-09-09","ANJALI","NoContact","Men","T-Shirt","XXL","Pink","2","499","0","998.0","Card","Main Market","House Account"
"236","28-08-2023","Sunita Sharma","9138249671","Women","Dupatta","XL","Pink","2","1199","0","2398.0","Cash","Main Market","rahul"
"237","2024-01-25","Ramesh Gupta","8402891416","Accessories","Belt","One Size","Navy","1","0","0","0.0","UPI","Station Branch","House Account"
"238","15/09/24","Walk-in","2687681180","Kids","Shorts","L","White","1","399.00","0","399.0","Card","Station Branch","House Account"
"239","2024-09-27","Walk-in","0785931109","Men","Kurta","L","Maroon","2","799","0","1598.0","UPI","Mall Road","House Account"
"240","07/08/2024","Walk-in","9545089203","Accessories","Cap","Free Size","White","2","99","15","168.29999999999998","UPI","","Sneha"
"241","19-03-2025","ANJALI","NA","Men","Jeans","XL","Grey","1","999","0","999.0","UPI","Main Market","Sneha"
"242","2023-07-19","Anil Kumar","NoContact","Accessories","Scarf","Free Size","Maroon","2","0","0","0.0","UPI","","Amit"
"243","12/13/2023","Sunita Sharma","5528961122","Kids","frock","M","Red","1","0","0","0.0","Other","Main Market","Rahul"
"244","2024-11-10","Walk-in","NA","Women","Dupatta","M","Yellow","1","349","0","349.0","Card","Mall Road","AMIT"
"245","27/07/23","Ramesh Gupta","4669254812","Women","Leggings","XXL","Grey","3","899","0","2697.0","UPI","Station Branch","House Account"
"246","06/08/2024","Pooja Verma","NA","Women","palazzo","XXL","Green","1","1999","10","1799.1000000000001","UPI","Station Branch","AMIT"
"247","25-01-2025","ANJALI","5536668459","Accessories","SCARF","One Size","White","1","149.00","0","149.0","Card","Station Branch","rahul"
"248","07/20/2024","Walk-in","9702316433","Accessories","Wallet","Free Size","Pink","2","99","0","0.0","Cash","Main Market","House Account"
"249","27/12/24","Walk-in","4938743027","Accessories","cap","Free Size","Black","1","99","0","0.0","UPI","Mall Road","AMIT"
"250","20/01/25","ANJALI","2916032484","Accessories","Socks","Free Size","Green","3","199","0","0.0","Card","Station Branch","Priya"
"251","01/02/2024","Ramesh Gupta","8370816470","Women","Saree","XXL","Blue","2","599","0","1198.0","UPI","Main Market","Priya"
"252","2023-10-13","Anil Kumar","NoContact","Accessories","Belt","Free Size","Blue","1","99.00","0","99.0","Card","Main Market","Amit"
"253","2023-12-06","Ramesh Gupta","NA","Women","Palazzo","L","Black","3","599","0","1797.0","Other","","Sneha"
"254","09-05-2023","Walk-in","3381674233","Accessories","Socks","Free Size","Grey","2","0","10","0.0","UPI","Mall Road","AMIT"
"255","13-03-2024","Sunita Sharma","2824674746","Men","Jeans","XL","Black","1","799","10","719.1","UPI","Main Market","Rahul"
"256","2024-01-30","Walk-in","NA","Kids","Shirt","XL","Maroon","1","499","0","0.0","Card","Station Branch","AMIT"
"257","11/28/2024","Sunita Sharma","NA","Kids","Tshirt","XL","White","2","199","0","398.0","Cash","Main Market","rahul"
"258","26-02-2024","Walk-in","5243640270","Accessories","SOCKS","Free Size","Maroon","2","199","0","398.0","UPI","","rahul"
"259","04/08/2025","Sunita Sharma","6791214161","Women","Saree","M","Black","3","899","0","2697.0","Other","Main Market","Rahul"
"260","10/09/24","Anil Kumar","5535669055","Men","Jeans","XXL","Red","3","399","0","1197.0","Cash","Main Market","Priya"
"261","13-06-2025","Anil Kumar","3976915671","Kids","Frock","XL","Navy","2","499.00","10","898.2","UPI","","Rahul"
"262","06-11-2024","Walk-in","0256434712","Women","DRESS","L","Pink","2","899","0","1798.0","UPI","Station Branch","Priya"
"263","26/05/24","Walk-in","2095481497","Accessories","Cap","One Size","Black","1","99","15","0.0","Card","Main Market","Sneha"
"264","05/02/24","Walk-in","4438612590","Women","Palazzo","M","Grey","1","899","0","899.0","Card","Mall Road","Amit"
"265","04/30/2024","Walk-in","NoContact","Women","Saree","S","Yellow","2","1999","10","0.0","Cash","","rahul"
"266","30/10/24","Anil Kumar","NoContact","Women","KURTI","M","Maroon","2","599","10","1078.2","UPI","Main Market","Rahul"
"267","04-11-2024","Ramesh Gupta","8487297585","Women","Top","M","Blue","1","599","0","599.0","Cash","Main Market","Amit"
"268","17/06/23","ANJALI","NoContact","Kids","frock","XXL","Pink","1","399","0","399.0","UPI","Main Market","Priya"
"269","2023-04-23","Pooja Verma","NoContact","Kids","Frock","XXL","Pink","1","499","0","0.0","UPI","Main Market","Sneha"
"270","2024-12-18","Sunita Sharma","9102562588","Kids","T-SHIRT","XL","White","2","199","0","398.0","UPI","","Amit"
"271","2024-05-29","Sunita Sharma","8341465111","Women","Saree","Standard","Green","1","1599","10","1439.1000000000001","UPI","Mall Road","Rahul"
"272","2025-02-06","Ramesh Gupta","8909728321","Accessories","socks","Free Size","Grey","3","0","10","0.0","Cash","Mall Road","Priya"
"273","2024-10-20","Walk-in","9705097545","Kids","FROCK","L","Green","1","0","0","0.0","Cash","Main Market","rahul"
"274","2023-07-06","Sunita Sharma","NoContact","Accessories","WALLET","Free Size","Maroon","1","149","0","149.0","Card","","rahul"
"275","2024-11-12","Walk-in","8725686211","Men","Jeans","Standard","White","1","599.00","0","599.0","Cash","","House Account"
"276","2023-04-28","Ramesh Gupta","6371892392","Accessories","Socks","Free Size","Grey","1","99","0","99.0","Cash","Mall Road","Rahul"
"277","2024-01-08","Anil Kumar","3502000534","Women","Kurti","XL","Maroon","2","599","0","0.0","Card","Mall Road","Vikas"
"278","04/19/2023","Walk-in","NoContact","Men","Shirt","XXL","Black","2","599","0","1198.0","UPI","","AMIT"
"279","2024-07-27","Anil Kumar","1617688029","Men","Shirt","L","Grey","2","1499","10","2698.2000000000003","Cash","","Sneha"
"280","29-08-2024","Walk-in","8443448123","Accessories","CAP","Free Size","Grey","1","399","0","399.0","UPI","Main Market","Vikas"
"281","2024-09-18","Anil Kumar","0534240891","Men","Blazer","M","Pink","2","399","0","798.0","UPI","Station Branch","Sneha"
"282","05/07/23","Walk-in","2397240422","Accessories","Wallet","One Size","White","1","149.00","10","134.1","Card","","rahul"
"283","22-01-2023","Walk-in","1862030366","Men","t-shirt","XL","Navy","1","799","0","0.0","Card","","Priya"
"284","2024-06-27","Walk-in","2494514754","Accessories","WALLET","Free Size","Blue","1","399","0","0.0","Cash","","Amit"
"285","2024-01-30","Anil Kumar","7695236687","Kids","Frock","XL","Grey","1","199.00","10","179.1","Card","Station Branch","Sneha"
"286","06/06/2025","Sunita Sharma","8633302126","Men","T-Shirt","Standard","White","1","1499.00","0","1499.0","UPI","Main Market","AMIT"
"287","2024-06-24","ANJALI","5704120092","Women","kurti","L","Black","1","449","0","449.0","UPI","","Vikas"
"288","2024-07-26","Walk-in","7756620563","Kids","Frock","M","Green","1","499","0","499.0","Card","Main Market","Sneha"
"289","2023-02-15","ANJALI","NoContact","Kids","FROCK","S","White","1","399","0","399.0","Card","Mall Road","rahul"
"290","27/01/24","Walk-in","2711332288","Women","Leggings","L","Black","1","1599.00","10","1439.1000000000001","Cash","Mall Road","Vikas"
"291","14-07-2024","ANJALI","NoContact","Kids","Shirt","XL","White","1","199","0","199.0","UPI","Station Branch","House Account"
"292","21/10/23","Pooja Verma","2758955168","Kids","T-SHIRT","Standard","Grey","1","399","0","399.0","Cash","","Sneha"
"293","17/04/25","Walk-in","NoContact","Men","T-SHIRT","L","Maroon","2","499","0","998.0","Card","Main Market","rahul"
"294","2024-10-16","Walk-in","NoContact","Men","T Shirt","M","Grey","1","1499","10","1349.1000000000001","Cash","Station Branch","rahul"
"295","11/04/24","Pooja Verma","8685127652","Women","Leggings","M","Navy","3","599","0","0.0","Other","Mall Road","Vikas"
"296","2023-02-03","Pooja Verma","NA","Men","SHIRT","S","Red","2","999","0","1998.0","Card","Main Market","House Account"
"297","05/01/23","Walk-in","NoContact","Accessories","Cap","Free Size","Yellow","3","199","10","537.30000000000007","UPI","Mall Road","House Account"
"298","2024-02-17","Walk-in","NA","Women","Top","M","Pink","1","449","0","449.0","Cash","","rahul"
"299","08/08/24","Walk-in","2752334383","Kids","Frock","M","Blue","1","499","0","499.0","Cash","Main Market","Rahul"
"300","02/18/2025","Ramesh Gupta","1305231244","Kids","Shorts","XXL","Navy","1","299","0","299.0","Card","Mall Road","rahul"
"301","2023-10-06","Walk-in","6395517208","Women","leggings","M","Green","1","349","0","349.0","UPI","Mall Road","rahul"
"302","2023-01-10","Walk-in","3795381649","Men","shirt","L","Maroon","1","0","0","0.0","Other","Main Market","rahul"
"303","2023-12-01","Pooja Verma","NA","Accessories","Scarf","Free Size","White","1","0","0","0.0","UPI","Main Market","AMIT"
"304","2025-01-11","Walk-in","0401041459","Accessories","Belt","Free Size","Red","2","149","0","298.0","Cash","Main Market","House Account"
"305","2025-02-23","Walk-in","3311703037","Women","Dupatta","XL","Blue","1","1199.00","20","959.2","UPI","Station Branch","House Account"
"306","03/09/2024","Sunita Sharma","9127113072","Kids","shirt","XXL","Blue","2","399","0","798.0","Cash","Station Branch","Priya"
"307","13/07/23","Walk-in","8978610313","Kids","Shirt","M","Maroon","1","399.00","10","359.1","UPI","Main Market","Vikas"
"308","04/07/2023","Walk-in","9743251225","Women","Top","XL","Maroon","1","449","15","381.65","Cash","Mall Road","Priya"
"309","05/05/2025","Walk-in","2114577584","Women","Palazzo","XXL","Yellow","1","1199","0","1199.0","Card","Station Branch","AMIT"
"310","04/02/2023","Pooja Verma","4878245569","Men","Jeans","Standard","Maroon","2","1499.00","0","2998.0","Card","Station Branch","Priya"
"311","23-10-2023","Sunita Sharma","NoContact","Accessories","Cap","One Size","Blue","1","299","0","299.0","Cash","Mall Road","Vikas"
"312","05/27/2023","Pooja Verma","1430753666","Men","Trousers","S","Red","3","599","10","1617.3","UPI","Mall Road","House Account"
"313","03/05/25","Walk-in","NoContact","Women","Palazzo","L","Black","2","1199","0","0.0","Card","Mall Road","House Account"
"314","2023-05-11","Walk-in","4062607870","Accessories","Cap","One Size","Grey","1","0","20","0.0","UPI","Main Market","Vikas"
"315","2023-06-08","Sunita Sharma","0793110291","Accessories","Scarf","Free Size","Navy","1","149","10","134.1","Card","Main Market","Priya"
"316","05/26/2023","Walk-in","8377441975","Kids","Shirt","M","White","2","399","0","798.0","Card","Main Market","Rahul"
"317","05/26/2023","Walk-in","8377441975","Kids","Shirt","M","White","2","399","0","798.0","Card","Main Market","Rahul"
"318","23/05/23","ANJALI","2588358681","Kids","SHIRT","XXL","Maroon","2","399","10","718.2","Card","","Amit"
"319","2024-08-17","Pooja Verma","NoContact","Kids","Shorts","S","Grey","2","299","0","598.0","Other","Main Market","AMIT"
"320","2025-01-15","ANJALI","NA","Men","BLAZER","M","Red","3","1499","0","4497.0","Card","Station Branch","Amit"
"321","2025-04-21","Sunita Sharma","5124189389","Men","Trousers","XL","Blue","1","999","0","999.0","Card","Mall Road","Rahul"
"322","2025-04-21","Sunita Sharma","5124189389","Men","Trousers","XL","Blue","1","999","0","999.0","Card","Mall Road","Rahul"
"323","30/08/23","Walk-in","9905169918","Men","Jeans","L","White","1","599","0","599.0","UPI","","House Account"
"324","23/02/25","Walk-in","6821719553","Accessories","Cap","Free Size","Red","2","399","0","798.0","Card","","Rahul"
"325","12/09/24","ANJALI","1148375374","Men","Jacket","S","Blue","2","399","0","798.0","UPI","Mall Road","Priya"
"326","04/15/2025","Walk-in","7710704496","Men","Jeans","XXL","Grey","1","599","0","599.0","Cash","Mall Road","rahul"
"327","2025-02-11","Sunita Sharma","9305966018","Accessories","Belt","Free Size","Maroon","2","0","10","0.0","Card","Mall Road","Vikas"
"328","2024-01-06","Sunita Sharma","9014954277","Women","Dress","Standard","Black","1","599","0","599.0","Other","Station Branch","Sneha"
"329","06/28/2023","Walk-in","NA","Accessories","BELT","One Size","Navy","1","299","0","299.0","Card","Station Branch","House Account"
"330","03/21/2023","Ramesh Gupta","5616420595","Men","Kurta","S","Green","1","599","0","599.0","UPI","Main Market","Amit"
"331","19-08-2024","Walk-in","1139898681","Kids","T-Shirt","M","Navy","2","299","20","478.40000000000003","Card","Mall Road","Vikas"
"332","2024-02-24","Walk-in","8157937639","Women","Dupatta","M","Yellow","1","1999.00","0","1999.0","Other","Station Branch","Amit"
"333","09-04-2024","Walk-in","NoContact","Kids","Shorts","L","Blue","2","499","0","998.0","Cash","Main Market","Rahul"
"334","2025-04-24","Walk-in","0157676472","Accessories","belt","Free Size","Black","2","299","0","0.0","Cash","Main Market","House Account"
"335","14/05/25","Sunita Sharma","5220368499","Accessories","Cap","One Size","Black","1","99","10","89.100000000000009","UPI","Main Market","Vikas"
"336","19-11-2024","Anil Kumar","0618538003","Kids","t-shirt","L","Blue","2","199","0","398.0","UPI","Mall Road","Amit"
"337","12/28/2024","Walk-in","4969357824","Accessories","Wallet","One Size","Black","1","399","0","399.0","UPI","Mall Road","AMIT"
"338","02/12/2024","ANJALI","7963044836","Kids","T-Shirt","S","Green","1","399","0","399.0","Card","Mall Road","rahul"
"339","2023-04-23","Anil Kumar","NoContact","Accessories","Scarf","One Size","Grey","2","99","0","0.0","Card","Main Market","House Account"
"340","2023-08-09","Ramesh Gupta","0081867024","Kids","T-Shirt","XXL","White","2","299","15","508.3","Cash","Mall Road","rahul"
"341","25/08/24","Ramesh Gupta","4568044731","Women","Dupatta","S","Blue","2","0","10","0.0","Cash","Main Market","rahul"
"342","26/01/23","Ramesh Gupta","7914521182","Kids","Shirt","XXL","Pink","3","199","0","597.0","Card","Station Branch","AMIT"
"343","12/07/2024","Walk-in","8753577881","Women","Kurti","L","Maroon","2","0","0","0.0","UPI","","Priya"
"344","12/07/2024","Walk-in","8753577881","Women","Kurti","L","Maroon","2","0","0","0.0","UPI","","Priya"
"345","2023-10-29","Walk-in","5922483958","Women","Saree","S","Red","2","899.00","0","1798.0","Cash","Main Market","AMIT"
"346","2024-04-24","Walk-in","NoContact","Men","Jeans","M","Black","1","799","0","799.0","Cash","Main Market","Vikas"
"347","2023-07-02","Walk-in","NoContact","Kids","Shirt","L","Navy","1","399","0","399.0","UPI","Station Branch","Vikas"
"348","06/04/25","Pooja Verma","5481386667","Accessories","wallet","Free Size","White","1","149","10","134.1","UPI","Main Market","Vikas"
"349","2025-02-28","Pooja Verma","NA","Women","Dupatta","XXL","Grey","1","1599","10","1439.1000000000001","Card","Mall Road","Amit"
"350","07-10-2023","Sunita Sharma","6044090797","Men","T Shirt","L","Pink","1","0","0","0.0","Cash","Mall Road","Rahul"
"351","07-10-2023","Sunita Sharma","6044090797","Men","T Shirt","L","Pink","1","0","0","0.0","Cash","Mall Road","Rahul"
"352","2023-07-18","Walk-in","5295806601","Women","palazzo","M","Blue","1","1999.00","0","1999.0","Cash","Mall Road","Rahul"
"353","04/03/2023","Walk-in","NA","Kids","Frock","M","Red","2","399","10","0.0","Cash","Main Market","House Account"
"354","02/28/2024","Ramesh Gupta","3244741759","Accessories","Belt","One Size","White","1","0","0","0.0","Cash","Main Market","rahul"
"355","2023-08-04","Ramesh Gupta","0182727955","Women","Top","XL","Yellow","2","1999","10","0.0","Card","Main Market","Amit"
"356","12/12/24","Pooja Verma","3459576403","Accessories","Cap","One Size","Blue","1","149.00","0","149.0","UPI","Mall Road","Rahul"
"357","03/22/2025","Anil Kumar","2702324412","Women","top","Standard","Navy","1","1199","0","1199.0","Other","Station Branch","House Account"
"358","02/01/2024","Anil Kumar","2654696815","Men","trousers","L","Blue","3","799","0","2397.0","UPI","Mall Road","House Account"
"359","15/11/23","ANJALI","NoContact","Kids","Tshirt","S","White","1","299","0","299.0","Other","Station Branch","Priya"
"360","17/11/24","Pooja Verma","4641978575","Accessories","Belt","Free Size","Maroon","1","149","0","0.0","Card","","Priya"
"361","2023-02-21","Anil Kumar","5408424560","Women","Kurthi","XXL","Green","1","0","10","0.0","UPI","","rahul"
"362","2025-05-04","ANJALI","NoContact","Women","SAREE","Standard","Blue","1","1599.00","0","1599.0","Other","Main Market","rahul"
"363","2024-09-22","Walk-in","3059736424","Men","Jeans","XL","Maroon","1","399","0","399.0","Cash","Mall Road","Sneha"
"364","01/31/2023","Walk-in","9660487368","Kids","Shirt","XXL","Blue","1","399","10","359.1","UPI","Main Market","Priya"
"365","2024-10-10","Walk-in","6367747226","Kids","frock","XL","Pink","3","299","0","897.0","Cash","","Priya"
"366","2023-01-24","Ramesh Gupta","NA","Accessories","Socks","One Size","Maroon","2","399","0","798.0","Cash","","rahul"
"367","2023-07-31","ANJALI","9732781952","Women","dupatta","Standard","Yellow","1","1999.00","0","1999.0","Other","","rahul"
"368","12-02-2024","Anil Kumar","8761124912","Accessories","CAP","One Size","Green","1","399","10","359.1","UPI","Main Market","House Account"
"369","2024-06-18","Walk-in","NA","Men","Trousers","M","Green","2","599","0","1198.0","Cash","Station Branch","Vikas"
"370","2023-09-23","Walk-in","8679252985","Accessories","Cap","Free Size","Black","3","299","0","897.0","Card","Main Market","AMIT"
"371","06-08-2024","Walk-in","3506158148","Accessories","BELT","Free Size","White","3","149","0","447.0","Card","Station Branch","Sneha"
"372","20-01-2025","Walk-in","0333997718","Women","leggings","Standard","White","2","0","0","0.0","Card","Main Market","AMIT"
"373","2024-10-12","ANJALI","4694725878","Women","Kurti","XXL","Grey","2","1199.00","20","1918.4","Card","Mall Road","Vikas"
"374","2023-08-23","ANJALI","4524555746","Women","Dupatta","M","Black","2","1599","0","3198.0","Card","Mall Road","Amit"
"375","29/11/23","Walk-in","9493817359","Women","Leggings","S","Blue","1","1599","0","1599.0","Cash","Main Market","House Account"
"376","24-05-2023","Pooja Verma","7080850960","Kids","Shirt","M","Yellow","2","499","0","0.0","Card","","Priya"
"377","21/04/24","Walk-in","1295786069","Men","KURTA","XXL","Blue","1","999","10","899.1","Card","Mall Road","Amit"
"378","2023-07-31","Walk-in","NoContact","Kids","Frock","XXL","Grey","2","299","0","598.0","Cash","Station Branch","House Account"
"379","26-03-2024","Pooja Verma","NoContact","Men","Jeans","M","White","1","499","0","499.0","Cash","Mall Road","AMIT"
"380","2025-01-28","Anil Kumar","5633185748","Accessories","Wallet","Free Size","Navy","2","149","10","268.2","Card","Main Market","House Account"
"381","13-03-2025","Anil Kumar","NoContact","Women","top","M","Yellow","2","1999.00","20","3198.4","Card","Main Market","rahul"
"382","09-09-2024","Sunita Sharma","4258591779","Women","SAREE","S","Yellow","1","349","0","349.0","UPI","","Priya"
"383","2024-06-13","Sunita Sharma","2565290603","Men","Blazer","L","Navy","1","399","0","399.0","Card","Mall Road","Rahul"
"384","2023-12-12","Walk-in","7871584156","Accessories","Cap","Free Size","Navy","1","299","0","299.0","Cash","Main Market","Vikas"
"385","2023-07-23","Walk-in","2988085838","Women","Dupatta","L","Grey","2","1199","20","1918.4","UPI","Main Market","Amit"
"386","2025-01-21","Walk-in","NoContact","Accessories","Wallet","Free Size","Maroon","1","299.00","15","254.15","UPI","Mall Road","Amit"
"387","2023-05-26","Anil Kumar","NoContact","Accessories","Cap","Free Size","Yellow","2","149","0","298.0","Other","Station Branch","AMIT"
"388","11/02/23","Sunita Sharma","NoContact","Women","Palazzo","L","Blue","2","0","0","0.0","Card","Mall Road","Sneha"
"389","2023-10-10","Walk-in","4510173973","Men","Shirt","M","Grey","3","0","0","0.0","UPI","Station Branch","rahul"
"390","22/12/23","ANJALI","8066039205","Accessories","BELT","Free Size","Navy","2","199","0","398.0","UPI","Mall Road","House Account"
"391","26/06/23","Walk-in","9835411659","Kids","Frock","XL","Red","2","399","15","678.3","Card","Mall Road","AMIT"
"392","03/19/2023","Walk-in","NoContact","Kids","frock","L","Red","3","399","0","1197.0","UPI","Main Market","House Account"
"393","2024-02-14","Pooja Verma","5465535851","Women","Kurti","M","Red","2","1199.00","0","2398.0","UPI","Station Branch","Amit"
"394","06-05-2025","ANJALI","7961208780","Men","Jacket","Standard","Yellow","2","399","0","798.0","UPI","Station Branch","Vikas"
"395","2023-05-28","Anil Kumar","9059119186","Men","Blazer","XL","Black","1","799","20","639.2","Cash","Main Market","Rahul"
"396","25/12/24","Sunita Sharma","2463351571","Accessories","Belt","Free Size","Blue","3","299","0","0.0","Card","Main Market","Amit"
"397","2023-08-12","Walk-in","2959272827","Men","Kurta","S","Yellow","1","799","0","799.0","Cash","Mall Road","Vikas"
"398","03/02/24","Walk-in","1535237360","Men","jeans","XXL","Pink","1","499","10","449.1","UPI","Main Market","Priya"
"399","2023-11-26","ANJALI","4740803149","Kids","Shirt","L","Yellow","1","299","0","299.0","Cash","Main Market","Vikas"
"400","2024-12-30","Walk-in","7399006314","Accessories","Wallet","Free Size","Maroon","1","399","10","0.0","Cash","Mall Road","Sneha"
"401","07/10/23","Walk-in","6643749060","Kids","Shirt","M","Black","2","399","10","718.2","Cash","Main Market","AMIT"
"402","06/24/2025","Walk-in","7328077113","Men","T-Shirt","Standard","Green","2","1299","10","2338.2000000000003","Cash","Main Market","rahul"
"403","04/17/2023","Walk-in","9069130981","Women","Saree","S","Blue","1","349","0","349.0","Card","Mall Road","rahul"
"404","2024-02-02","Walk-in","0642076836","Accessories","Wallet","One Size","Yellow","1","149.00","0","149.0","Card","Mall Road","AMIT"
"405","2025-01-16","Anil Kumar","8654362718","Accessories","Cap","One Size","Yellow","1","149","0","149.0","Cash","Main Market","Sneha"
"406","18/10/24","Ramesh Gupta","NA","Kids","Frock","XXL","Maroon","1","199","0","0.0","Card","Mall Road","Rahul"
"407","10-05-2025","Anil Kumar","5977524418","Men","JACKET","S","Red","1","399","0","399.0","UPI","Mall Road","Amit"
"408","2025-04-17","ANJALI","2707955151","Accessories","Scarf","Free Size","Black","1","149","0","149.0","Cash","","Sneha"
"409","16-06-2024","ANJALI","2034476504","Kids","SHORTS","Standard","Navy","1","199","0","199.0","Cash","Station Branch","Rahul"
"410","2024-12-25","Walk-in","4837441715","Men","Jeans","M","Grey","3","799","10","2157.3","UPI","Main Market","Amit"
"411","03/10/24","Anil Kumar","1910231211","Kids","t-shirt","XXL","White","1","199","0","199.0","Cash","Mall Road","House Account"
"412","06/30/2023","Sunita Sharma","NoContact","Women","Dress","XL","Navy","3","449","0","1347.0","Cash","Main Market","Amit"
"413","06/30/2023","Sunita Sharma","NoContact","Women","Dress","XL","Navy","3","449","0","1347.0","Cash","Main Market","Amit"
"414","2025-06-30","Sunita Sharma","1017509617","Kids","frock","Standard","Navy","1","499","20","399.20000000000005","Card","","Priya"
"415","2025-06-30","Sunita Sharma","1017509617","Kids","frock","Standard","Navy","1","499","20","399.20000000000005","Card","","Priya"
"416","24/02/24","ANJALI","6777226602","Kids","Shorts","L","Grey","1","399","0","0.0","Card","","Amit"
"417","2024-07-16","Ramesh Gupta","NA","Women","top","M","Blue","1","899","0","899.0","Cash","Mall Road","Rahul"
"418","2023-06-12","Sunita Sharma","6919284552","Kids","T-SHIRT","L","Grey","1","299","0","299.0","UPI","Mall Road","Sneha"
"419","2024-08-30","Ramesh Gupta","3797058162","Kids","Shirt","XXL","Yellow","3","399","10","1077.3","UPI","Main Market","AMIT"
"420","2025-03-13","Anil Kumar","5983399140","Accessories","Wallet","Free Size","Yellow","1","299","0","299.0","Card","","Rahul"
"421","2024-03-30","Walk-in","7439742925","Kids","Shorts","M","Green","1","499","0","0.0","Card","","rahul"
"422","16/05/23","Walk-in","2218231555","Men","Blazer","Standard","Maroon","1","499","0","0.0","Cash","Station Branch","rahul"
"423","02/15/2025","Walk-in","2855660847","Accessories","WALLET","Free Size","Grey","2","149","0","298.0","UPI","Station Branch","Rahul"
"424","2024-09-29","Sunita Sharma","8623945354","Women","Saree","S","Yellow","1","349","0","349.0","Other","Station Branch","rahul"
"425","2025-04-17","Anil Kumar","3943804032","Women","SAREE","S","Maroon","1","349","0","349.0","Card","Station Branch","Amit"
"426","08/04/2024","Walk-in","NoContact","Accessories","Cap","Free Size","Blue","1","99","0","99.0","Card","Main Market","Vikas"
"427","29-11-2024","ANJALI","NA","Accessories","Belt","Free Size","Blue","3","299","0","897.0","UPI","","Vikas"
"428","2023-01-14","Walk-in","4473404337","Kids","T Shirt","S","Black","3","0","0","0.0","UPI","","AMIT"
"429","2023-05-30","Anil Kumar","9657542786","Women","Palazzo","L","Yellow","1","1199","0","1199.0","Card","","AMIT"
"430","03/22/2025","Pooja Verma","NoContact","Accessories","socks","Free Size","Yellow","2","399","20","0.0","Cash","Station Branch","Priya"
"431","22-02-2024","Ramesh Gupta","7230817214","Men","jeans","M","Yellow","2","799","0","1598.0","Cash","Main Market","Rahul"
"432","2024-09-03","Anil Kumar","3469979907","Men","Shirt","S","White","1","499","0","499.0","Card","Station Branch","Priya"
"433","2024-09-03","Anil Kumar","3469979907","Men","Shirt","S","White","1","499","0","499.0","Card","Station Branch","Priya"
"434","2025-02-06","Ramesh Gupta","7054873961","Accessories","Socks","One Size","Red","1","99.00","10","89.100000000000009","UPI","Mall Road","Priya"
"435","2023-02-10","Anil Kumar","2137730626","Women","Dress","XXL","Maroon","1","1199","0","1199.0","Card","Main Market","AMIT"
"436","30-04-2024","Sunita Sharma","6111457683","Men","shirt","M","Black","1","1299.00","0","1299.0","Other","Main Market","AMIT"
"437","2023-01-12","Walk-in","0184980425","Kids","Shorts","S","Black","1","0","0","0.0","Card","Main Market","Priya"
"438","2025-05-09","Ramesh Gupta","6060560356","Women","DRESS","M","Black","1","1199.00","0","1199.0","UPI","Mall Road","Amit"
"439","11/28/2023","Ramesh Gupta","4358644963","Accessories","SCARF","One Size","Yellow","3","199","0","597.0","Other","","House Account"
"440","01/19/2024","Pooja Verma","4978524914","Kids","Frock","XXL","Pink","3","399","10","1077.3","Cash","Main Market","Vikas"
"441","17-02-2025","Walk-in","4188421630","Accessories","Cap","One Size","White","1","299","0","299.0","UPI","Mall Road","rahul"
"442","05/04/25","Ramesh Gupta","0219947113","Women","Saree","XXL","Navy","1","1999","0","0.0","UPI","Mall Road","Priya"
"443","28/06/25","Pooja Verma","NoContact","Men","T-Shirt","XL","Navy","1","1499","0","1499.0","Card","Station Branch","House Account"
"444","17/03/25","Ramesh Gupta","NA","Kids","T Shirt","XXL","Navy","1","499","0","499.0","UPI","Mall Road","AMIT"
"445","2023-09-19","Ramesh Gupta","4722398983","Men","Blazer","S","Grey","1","1299","10","1169.1000000000001","Cash","Main Market","Rahul"
"446","2023-04-05","Walk-in","2487623039","Kids","T-Shirt","XL","Black","1","499","0","499.0","Cash","Mall Road","House Account"
"447","06/02/25","Sunita Sharma","6287203195","Kids","Shirt","XL","Pink","2","499.00","0","998.0","Cash","Mall Road","AMIT"
"448","01/17/2023","ANJALI","6775372603","Women","Dupatta","M","Maroon","2","1599","10","2878.2000000000003","Card","Mall Road","rahul"
"449","04/14/2023","Walk-in","0838507659","Men","Kurta","Standard","Pink","1","0","10","0.0","Cash","Mall Road","AMIT"
"450","2024-01-29","Pooja Verma","NA","Accessories","Socks","Free Size","Black","1","299","10","269.1","Card","Station Branch","Sneha"
"451","19/11/24","Walk-in","NoContact","Accessories","Wallet","One Size","White","1","99","10","89.100000000000009","Card","Mall Road","Vikas"
"452","11/01/25","Walk-in","4412833372","Kids","shorts","XXL","Pink","1","299","0","299.0","UPI","Mall Road","Vikas"
"453","15-01-2024","Sunita Sharma","NA","Men","t-shirt","XXL","Grey","1","1299.00","10","1169.1000000000001","UPI","Main Market","rahul"
"454","01/09/2023","Walk-in","1200720245","Accessories","Wallet","Free Size","Navy","3","149","0","447.0","Cash","Mall Road","House Account"
"455","22-06-2024","Sunita Sharma","NoContact","Men","SHIRT","S","Navy","1","399","0","399.0","UPI","Main Market","AMIT"
"456","03/04/2024","Sunita Sharma","3372201091","Women","Palazzo","S","Maroon","2","599","0","1198.0","UPI","Mall Road","House Account"
"457","2023-02-02","Pooja Verma","NA","Women","Palazzo","XL","Maroon","1","1599","0","1599.0","Card","Mall Road","Amit"
"458","10/09/24","Sunita Sharma","2600559550","Kids","Shirt","XXL","Black","1","299.00","10","269.1","Cash","Mall Road","Vikas"
"459","21-03-2025","ANJALI","6799359374","Accessories","Socks","One Size","Red","1","399","0","399.0","UPI","Mall Road","Vikas"
"460","10/24/2024","ANJALI","NoContact","Accessories","Socks","One Size","Blue","2","399","0","798.0","Other","Mall Road","Vikas"
"461","23-05-2025","Ramesh Gupta","NoContact","Accessories","Wallet","Free Size","Black","2","199","10","358.2","Cash","Main Market","AMIT"
"462","12-07-2023","Anil Kumar","NoContact","Women","Top","XXL","Blue","2","449","10","808.2","Cash","Mall Road","AMIT"
"463","2023-02-03","Ramesh Gupta","6401042462","Men","T-SHIRT","XXL","Pink","2","999","0","1998.0","Card","Main Market","AMIT"
"464","2023-09-28","Anil Kumar","2939130448","Kids","Shorts","S","Red","2","299","0","598.0","UPI","Mall Road","Vikas"
"465","03-05-2024","ANJALI","6814298315","Men","Trousers","L","Maroon","1","399","0","399.0","Other","Main Market","AMIT"
"466","02/03/23","Ramesh Gupta","6384526969","Women","palazzo","M","Pink","2","899","0","1798.0","Card","Mall Road","AMIT"
"467","08/25/2023","Walk-in","6234190310","Men","Shirt","XXL","White","1","1299","0","1299.0","Cash","Mall Road","House Account"
"468","08/10/23","Walk-in","6720078436","Accessories","Cap","One Size","White","2","149","0","0.0","Cash","Mall Road","Priya"
"469","29/08/23","Pooja Verma","NA","Accessories","Scarf","Free Size","Grey","1","299","10","269.1","Cash","Mall Road","House Account"
"470","29/08/23","Pooja Verma","NA","Accessories","Scarf","Free Size","Grey","1","299","10","269.1","Cash","Mall Road","House Account"
"471","2024-11-15","Walk-in","7802058695","Kids","T-Shirt","XXL","Green","1","199","0","199.0","Card","Mall Road","Vikas"
"472","02/16/2025","Walk-in","3680119236","Women","Palazzo","XXL","Navy","1","599.00","10","539.1","Other","Station Branch","AMIT"
"473","2023-04-06","Ramesh Gupta","1498307482","Women","Saree","M","Yellow","1","349","10","314.1","UPI","Mall Road","House Account"
"474","2024-11-14","Ramesh Gupta","NA","Men","Shirt","XXL","Green","1","399","10","359.1","UPI","Main Market","Sneha"
"475","03/18/2024","Walk-in","2760250826","Women","Leggings","S","Grey","1","1199","15","1019.15","Cash","Mall Road","Sneha"
"476","21-01-2025","Ramesh Gupta","6871912038","Women","Leggings","XL","Black","3","1199.00","0","3597.0","Cash","Main Market","Amit"
"477","28-01-2023","Walk-in","NoContact","Women","Top","S","Maroon","3","1599.00","0","4797.0","Cash","Main Market","Sneha"
"478","28-01-2023","Walk-in","NoContact","Women","Top","S","Maroon","3","1599.00","0","4797.0","Cash","Main Market","Sneha"
"479","2025-02-09","Sunita Sharma","NA","Accessories","Belt","One Size","Red","2","149","10","268.2","UPI","Mall Road","Vikas"
"480","2024-01-10","Walk-in","6080706336","Men","Jeans","XXL","Black","2","799.00","0","1598.0","UPI","","Amit"
"481","09/22/2023","Walk-in","7383638164","Women","Kurti","L","Red","2","1999","15","3398.2999999999997","Other","Mall Road","Amit"
"482","26/03/23","Walk-in","4625540263","Kids","Shirt","M","Red","1","299","0","299.0","Cash","","Priya"
"483","2023-10-10","Walk-in","0504043333","Accessories","Cap","One Size","Green","2","149","0","298.0","Cash","Mall Road","Sneha"
"484","30-08-2024","Ramesh Gupta","2653060119","Women","DUPATTA","S","Blue","1","1199.00","0","1199.0","UPI","Mall Road","Rahul"
"485","08/12/23","ANJALI","4916093659","Men","T-Shirt","S","Red","2","999","0","1998.0","Cash","Station Branch","Vikas"
"486","06/11/2023","Walk-in","NoContact","Men","Kurta","M","White","3","799","0","2397.0","Cash","Main Market","Vikas"
"487","20-03-2025","Walk-in","1260030835","Men","Blazer","M","Pink","1","999","10","899.1","Cash","","AMIT"
"488","03/10/24","Pooja Verma","2938440134","Men","Jeans","S","Black","2","1499","0","0.0","UPI","Main Market","AMIT"
"489","2024-01-13","Walk-in","4920749269","Women","Dress","M","White","2","599","0","1198.0","Card","","Vikas"
"490","03/22/2025","Walk-in","1234266980","Accessories","Belt","Free Size","Pink","1","399","15","339.15","Cash","Mall Road","rahul"
"491","06/16/2024","Walk-in","4056129965","Men","Blazer","M","White","2","599","0","1198.0","Card","Station Branch","Amit"
"492","12/03/2024","Ramesh Gupta","5951434682","Accessories","SCARF","One Size","Navy","2","99","0","198.0","Other","Main Market","Rahul"
"493","2024-02-01","Ramesh Gupta","NoContact","Women","Dress","S","Red","1","1999","0","0.0","Cash","Main Market","Priya"
"494","2025-06-11","ANJALI","2053440777","Accessories","Socks","One Size","Blue","1","0","10","0.0","Card","Mall Road","Amit"
"495","2025-03-07","Walk-in","8841333731","Women","Leggings","XXL","Blue","1","1999","10","1799.1000000000001","Card","Mall Road","Priya"
"496","2023-09-01","Anil Kumar","NoContact","Accessories","SOCKS","One Size","Red","1","0","0","0.0","Cash","Main Market","Sneha"
"497","2024-03-17","Sunita Sharma","3734167812","Accessories","Belt","One Size","Green","1","399","0","0.0","Cash","Main Market","Amit"
"498","15/02/25","Ramesh Gupta","8318285605","Men","trousers","S","White","3","599","20","1437.6000000000001","UPI","Station Branch","rahul"
"499","2024-01-21","Walk-in","NoContact","Accessories","Belt","One Size","Red","3","149","15","379.95","Card","","Amit"
"500","08/07/2024","Anil Kumar","7908984369","Men","Trousers","Standard","Yellow","1","999.00","20","799.2","Cash","Mall Road","Rahul"
"501","2023-03-28","Anil Kumar","8870715238","Women","Palazzo","XXL","Green","2","599","0","1198.0","Cash","Station Branch","AMIT"
"502","01/06/24","Walk-in","2589370858","Kids","SHIRT","XXL","Blue","2","499","0","998.0","Card","Main Market","Vikas"
"503","05/09/2024","Anil Kumar","9269335895","Accessories","Wallet","Free Size","Yellow","1","99","0","99.0","Card","Mall Road","House Account"
"504","2023-11-10","Walk-in","8911797203","Men","Blazer","XXL","Green","3","799","20","1917.6000000000001","Card","Main Market","rahul"
"505","2023-11-10","Walk-in","8911797203","Men","Blazer","XXL","Green","3","799","20","1917.6000000000001","Card","Main Market","rahul"
"506","2025-01-15","Walk-in","NA","Kids","T-Shirt","L","Grey","1","399","0","399.0","UPI","Mall Road","Amit"
"507","01/20/2025","ANJALI","NoContact","Men","JEANS","S","Yellow","2","499","0","998.0","UPI","Mall Road","rahul"
"508","22/05/23","Anil Kumar","4859655942","Women","Saree","XXL","Maroon","1","349","0","349.0","Card","Mall Road","Rahul"
"509","25-04-2025","Anil Kumar","1305570836","Women","Dupatta","S","Red","1","1999","0","1999.0","UPI","Station Branch","rahul"
"510","03-02-2025","Walk-in","8254318328","Accessories","Socks","Free Size","Grey","1","299.00","0","299.0","UPI","Main Market","Rahul"
"511","24/02/25","Pooja Verma","1722577545","Kids","T-Shirt","XL","Red","2","299","0","598.0","Cash","Mall Road","Amit"
"512","04/25/2024","Walk-in","3373992052","Men","Kurta","XL","Pink","2","0","0","0.0","Card","Main Market","Priya"
"513","07/07/2024","Anil Kumar","4461777326","Accessories","SCARF","One Size","White","1","149","0","149.0","UPI","Station Branch","AMIT"
"514","12/24/2023","Anil Kumar","5238600304","Women","Saree","Standard","Green","1","1199","0","1199.0","UPI","Mall Road","Priya"
"515","10-11-2024","Walk-in","7483093096","Accessories","Belt","Free Size","White","1","99","20","79.2","Cash","Main Market","rahul"
"516","02-04-2023","Walk-in","1220190725","Men","blazer","M","Blue","1","499.00","0","499.0","UPI","","Sneha"
"517","2025-03-14","Walk-in","NoContact","Men","Jeans","XL","Maroon","3","599.00","0","1797.0","Other","Station Branch","Amit"
"518","25/12/23","Walk-in","0399529701","Kids","T-Shirt","M","Black","1","0","15","0.0","Card","Station Branch","House Account"
"519","2023-05-07","Walk-in","8740299071","Kids","Shirt","M","White","1","399","0","399.0","UPI","Station Branch","Priya"
"520","31/07/24","Anil Kumar","4915795546","Kids","Shorts","M","Red","2","399","10","718.2","UPI","Mall Road","rahul"
"521","2024-02-13","Walk-in","6808081571","Men","Shirt","XXL","Red","2","1499","0","2998.0","Cash","Mall Road","Priya"
"522","10/10/23","Sunita Sharma","NA","Women","Top","XL","Grey","1","449","0","449.0","Cash","Station Branch","rahul"
"523","04/02/2025","Pooja Verma","NA","Women","Leggings","XL","Maroon","1","0","0","0.0","Card","Mall Road","rahul"
"524","23/05/24","Walk-in","3137971669","Men","Jeans","S","Yellow","3","1499","0","4497.0","UPI","Mall Road","Vikas"
"525","2024-08-19","Walk-in","7014262037","Men","Trousers","XXL","Green","2","499.00","0","998.0","Cash","Main Market","rahul"
"526","2025-03-09","ANJALI","1170889480","Men","jacket","S","Green","2","399","0","0.0","UPI","Station Branch","Amit"
"527","11-04-2025","Sunita Sharma","6757123691","Women","DUPATTA","XL","Yellow","1","1199","0","1199.0","Cash","Station Branch","AMIT"
"528","2024-08-25","Ramesh Gupta","4196156078","Kids","Frock","XXL","Pink","3","499","0","1497.0","UPI","Main Market","House Account"
"529","05/28/2024","Walk-in","2467287991","Women","Dupatta","L","Pink","3","449","0","1347.0","Cash","Station Branch","Sneha"
"530","2024-02-15","Walk-in","5447241916","Kids","Frock","XL","Blue","1","499","0","499.0","UPI","Mall Road","rahul"
"531","07/18/2024","Walk-in","7468135926","Men","Trousers","S","Pink","2","499","10","898.2","UPI","","rahul"
"532","08/15/2023","Walk-in","0623546622","Kids","Frock","L","Yellow","1","399","15","339.15","UPI","Station Branch","House Account"
"533","11/12/24","Sunita Sharma","5916011241","Women","Kurti","XL","Black","3","449","0","1347.0","UPI","Station Branch","rahul"
"534","2025-06-22","ANJALI","0472642612","Men","Shirt","S","Grey","1","999","0","999.0","Card","Mall Road","Sneha"
"535","02/08/2025","Walk-in","4540064454","Accessories","Scarf","Free Size","Grey","1","199","0","199.0","Cash","Main Market","Sneha"
"536","10/28/2023","ANJALI","NA","Women","Palazzo","L","Pink","1","1999","20","1599.2","Other","Main Market","Priya"
"537","03/22/2025","Anil Kumar","8249353400","Accessories","Scarf","Free Size","Blue","2","149","0","298.0","Card","Mall Road","AMIT"
"538","2024-05-01","Ramesh Gupta","8105391287","Kids","Tshirt","L","Black","3","399","15","1017.4499999999999","UPI","Station Branch","rahul"
"539","2023-04-02","Walk-in","6424238397","Women","Dupatta","L","Yellow","2","1199","0","2398.0","Cash","","AMIT"
"540","29-06-2023","Walk-in","NoContact","Men","trousers","XXL","White","1","499","10","449.1","Cash","Main Market","AMIT"
"541","07-09-2023","Walk-in","7468235469","Accessories","Belt","Free Size","Green","1","99","0","99.0","Cash","Mall Road","rahul"
"542","2024-03-08","Walk-in","NoContact","Women","Kurthi","L","Yellow","2","1199","10","2158.2000000000003","Cash","","Priya"
"543","2023-01-16","Walk-in","6683482689","Women","Leggings","XL","Pink","1","349","0","349.0","UPI","Station Branch","rahul"
"544","2024-12-10","Ramesh Gupta","NoContact","Men","Trousers","XXL","Blue","3","599.00","0","1797.0","Card","Mall Road","Amit"
"545","16/04/24","ANJALI","1274692118","Accessories","Belt","Free Size","Pink","1","149","0","149.0","UPI","Mall Road","Amit"
"546","2025-01-08","Sunita Sharma","1854570568","Accessories","scarf","Free Size","Black","3","399","10","1077.3","Card","Mall Road","Rahul"
"547","2025-03-01","Walk-in","0580119509","Men","trousers","M","Green","1","1299","0","1299.0","Other","Main Market","House Account"
"548","16-01-2023","ANJALI","1894854329","Women","DRESS","S","Yellow","1","1999","20","1599.2","Card","Main Market","Vikas"
"549","14-03-2023","Sunita Sharma","2589632174","Kids","SHIRT","XL","Blue","2","299","10","538.2","UPI","Station Branch","Sneha"
"550","2023-09-15","Walk-in","8425364628","Kids","Frock","XXL","Red","1","399.00","0","399.0","UPI","","Rahul"
"551","2025-02-23","Walk-in","NoContact","Accessories","Scarf","One Size","Yellow","3","149","0","447.0","UPI","Main Market","Sneha"
"552","22-06-2023","Pooja Verma","5354120122","Men","SHIRT","XL","Pink","1","799","0","0.0","Cash","Main Market","Amit"
"553","14-12-2023","ANJALI","7173279805","Accessories","BELT","Free Size","Blue","2","199","0","398.0","Cash","Main Market","Rahul"
"554","2024-12-16","Walk-in","NoContact","Accessories","Scarf","One Size","Red","1","99","0","99.0","UPI","","House Account"
"555","2024-08-06","Walk-in","6968018677","Women","Top","L","White","1","0","0","0.0","UPI","Mall Road","Amit"
"556","2023-06-10","Anil Kumar","NoContact","Women","Palazzo","XXL","Green","1","0","0","0.0","Card","Main Market","rahul"
"557","06/03/2023","Ramesh Gupta","1100906053","Kids","shorts","XL","Black","2","499","10","898.2","UPI","Mall Road","Sneha"
"558","2025-02-08","Walk-in","NA","Accessories","Scarf","Free Size","Blue","1","99","20","79.2","UPI","","Amit"
"559","2023-12-07","Walk-in","NoContact","Men","JEANS","XXL","Navy","3","799","0","2397.0","Card","Main Market","Priya"
"560","2025-04-02","Sunita Sharma","4018227200","Accessories","Socks","Free Size","Yellow","1","99","0","99.0","UPI","Main Market","Amit"
"561","2024-01-04","Ramesh Gupta","2020304232","Men","JEANS","L","Green","2","799","0","1598.0","Cash","Main Market","House Account"
"562","09/01/2024","ANJALI","5691983210","Women","kurti","XXL","Blue","2","599","0","1198.0","Cash","Mall Road","Vikas"
"563","27/03/24","Pooja Verma","4933965049","Accessories","Wallet","Free Size","Blue","1","199","15","0.0","Cash","Main Market","Vikas"
"564","26-06-2025","Walk-in","9919623419","Women","Leggings","XL","Black","1","1599","0","1599.0","Cash","","Vikas"
"565","2024-01-10","ANJALI","5457694757","Accessories","Wallet","Free Size","Yellow","3","149","0","447.0","Other","Mall Road","Sneha"
"566","2023-08-02","Walk-in","NoContact","Kids","Frock","L","Navy","3","399","10","0.0","Cash","Station Branch","House Account"
"567","14/01/23","Sunita Sharma","NoContact","Kids","T-Shirt","M","Maroon","3","399","0","1197.0","UPI","Main Market","rahul"
"568","11/13/2023","Walk-in","6373100817","Men","Jacket","S","Green","1","1299","0","1299.0","Card","","AMIT"
"569","30/06/25","Walk-in","NoContact","Men","Kurta","L","Black","3","499.00","0","1497.0","Other","Main Market","rahul"
"570","23-10-2024","Anil Kumar","7810558000","Kids","Frock","XL","Grey","1","499","0","499.0","Cash","Mall Road","AMIT"
"571","02/05/2023","Walk-in","NA","Women","Kurti","S","Navy","2","449","0","898.0","Card","Main Market","Rahul"
"572","04/06/23","Ramesh Gupta","3899204573","Women","Top","M","Yellow","2","1599","10","0.0","Cash","Mall Road","rahul"
"573","18-05-2024","Walk-in","5838821764","Men","Shirt","S","Pink","3","499","0","1497.0","UPI","Main Market","Amit"
"574","08/02/2024","Walk-in","NA","Women","saree","M","Black","1","1199","10","1079.1000000000001","UPI","Mall Road","Sneha"
"575","04/18/2023","Walk-in","5384185201","Kids","Tshirt","M","Grey","1","299","0","299.0","UPI","","rahul"
"576","03-10-2024","Anil Kumar","NoContact","Women","Top","L","Maroon","2","0","0","0.0","Other","Mall Road","House Account"
"577","04/10/2025","Walk-in","6201971212","Accessories","Scarf","Free Size","Navy","1","399","0","0.0","UPI","Mall Road","AMIT"
"578","03-02-2024","ANJALI","9889786533","Accessories","Cap","One Size","White","3","299","20","717.6","Cash","Station Branch","Priya"
"579","2025-03-04","ANJALI","4497470002","Accessories","Scarf","Free Size","Red","1","149","0","149.0","Card","Mall Road","rahul"
"580","2023-09-08","Anil Kumar","7309649692","Kids","Shirt","L","Blue","1","299","0","299.0","Cash","Station Branch","rahul"
"581","2023-09-08","Anil Kumar","7309649692","Kids","Shirt","L","Blue","1","299","0","299.0","Cash","Station Branch","rahul"
"582","11/03/2023","Walk-in","9489895965","Women","Leggings","S","Yellow","2","899","0","0.0","UPI","Mall Road","Sneha"
"583","2024-08-11","Pooja Verma","8822309586","Kids","SHORTS","L","Navy","3","299","0","897.0","UPI","","Vikas"
"584","2023-12-01","Walk-in","4655792203","Men","t-shirt","S","Red","3","0","0","0.0","Card","Main Market","Amit"
"585","2023-12-31","Pooja Verma","NA","Women","Top","S","Black","2","1999","0","3998.0","Cash","Station Branch","rahul"
"586","2024-07-17","Walk-in","4236220334","Men","Kurta","S","Green","1","1299","0","1299.0","UPI","","AMIT"
"587","31-10-2024","ANJALI","4174304350","Accessories","Socks","Free Size","Red","3","149","0","447.0","Cash","Main Market","Amit"
"588","2023-05-18","Pooja Verma","1330303346","Kids","Shirt","L","Black","1","399","0","399.0","Card","Mall Road","Rahul"
"589","02/05/24","Anil Kumar","6199240658","Women","saree","L","Red","2","349","10","628.2","Card","","Amit"
"590","11/09/23","Ramesh Gupta","7912121101","Kids","t-shirt","M","Yellow","2","399","0","0.0","UPI","Mall Road","Rahul"
"591","22-11-2023","ANJALI","NoContact","Men","Trousers","XL","Green","2","1299","0","2598.0","UPI","Main Market","Sneha"
"592","01/27/2024","Ramesh Gupta","0833444704","Accessories","wallet","Free Size","Yellow","2","149","20","238.4","UPI","Mall Road","Rahul"
"593","12/19/2024","Pooja Verma","3295634277","Women","Kurthi","XXL","Maroon","1","1199","0","1199.0","Card","Main Market","rahul"
"594","26/02/25","Ramesh Gupta","NoContact","Kids","t-shirt","XXL","Black","2","399","0","798.0","UPI","Mall Road","Sneha"
"595","2023-01-28","Anil Kumar","NoContact","Accessories","Wallet","Free Size","Maroon","1","0","0","0.0","Cash","Main Market","Vikas"
"596","23-06-2025","Anil Kumar","6868764019","Women","palazzo","S","Blue","1","1999","0","1999.0","UPI","Mall Road","Amit"
"597","16/10/23","Sunita Sharma","1962342192","Men","Shirt","Standard","Navy","2","999.00","10","1798.2","UPI","","Priya"
"598","2025-06-02","ANJALI","NA","Men","jeans","XXL","Green","2","999","10","1798.2","UPI","Mall Road","Priya"
"599","09/07/2023","Walk-in","3896337618","Kids","Frock","XXL","Black","1","199.00","0","199.0","Card","Main Market","rahul"
"600","2025-01-04","Walk-in","NoContact","Accessories","Belt","One Size","Pink","2","99","0","198.0","Card","Main Market","AMIT"
"601","2025-06-09","Walk-in","NoContact","Kids","Shorts","M","Red","3","299","0","0.0","UPI","Main Market","House Account"
"602","26/02/24","Sunita Sharma","NoContact","Kids","Frock","XL","Red","1","399","0","399.0","UPI","Main Market","AMIT"
"603","04/18/2024","Sunita Sharma","8536988164","Kids","Shirt","XXL","Yellow","1","399","15","339.15","Cash","","rahul"
"604","2025-05-10","Walk-in","4581308898","Men","jeans","Standard","Red","2","0","0","0.0","Other","Station Branch","Sneha"
"605","2024-11-26","Pooja Verma","6199530564","Accessories","SCARF","One Size","Maroon","1","149","0","149.0","UPI","","Vikas"
"606","06-05-2023","Ramesh Gupta","4442990674","Accessories","Cap","One Size","Red","1","149.00","0","149.0","Card","Main Market","Vikas"
"607","15-09-2024","Anil Kumar","NA","Men","trousers","M","Blue","3","599","10","1617.3","Cash","Mall Road","AMIT"
"608","17-11-2023","ANJALI","2455312900","Kids","Shirt","L","Pink","1","399","20","319.20000000000005","Cash","","AMIT"
"609","2024-07-21","Walk-in","NA","Women","dupatta","XL","Grey","2","899","0","1798.0","Cash","","House Account"
"610","2024-01-07","Walk-in","7447353524","Men","TROUSERS","XXL","Yellow","1","0","0","0.0","Card","Main Market","House Account"
"611","27-03-2023","Ramesh Gupta","NA","Kids","Shirt","L","Green","2","299","0","0.0","Card","Main Market","AMIT"
"612","11/17/2023","Walk-in","4653537801","Women","DUPATTA","L","Black","1","0","0","0.0","UPI","Mall Road","AMIT"
"613","2024-08-12","Pooja Verma","6450999900","Men","Blazer","XL","Maroon","1","499","0","499.0","UPI","Main Market","Sneha"
"614","2024-09-26","ANJALI","7285759582","Kids","FROCK","Standard","Pink","1","399","0","399.0","Card","","AMIT"
"615","03-12-2023","Sunita Sharma","3672868112","Men","jacket","L","Pink","3","999.00","0","2997.0","UPI","Main Market","Priya"
"616","31/03/24","Walk-in","2866933515","Women","Top","XXL","Blue","3","599","20","1437.6000000000001","Cash","","House Account"
"617","2024-04-30","Walk-in","5513609085","Women","Saree","S","Blue","3","0","0","0.0","Card","Main Market","Amit"
"618","05/09/24","Ramesh Gupta","NA","Kids","Frock","M","Maroon","1","499","0","0.0","Other","Mall Road","House Account"
"619","19-03-2025","Walk-in","3690283772","Accessories","Belt","One Size","Grey","1","199","0","199.0","Card","Mall Road","Rahul"
"620","30/09/24","Anil Kumar","3584640510","Kids","Frock","Standard","Pink","1","0","0","0.0","UPI","Main Market","Vikas"
"621","03/24/2025","Walk-in","9067649092","Women","Dress","M","Maroon","1","1999","20","1599.2","UPI","Mall Road","Vikas"
"622","2025-04-05","Walk-in","1640343988","Kids","SHORTS","M","Yellow","1","499","0","499.0","Card","Station Branch","Sneha"
"623","06-10-2023","Ramesh Gupta","NA","Kids","Shirt","M","Red","1","0","0","0.0","Other","Main Market","Rahul"
"624","04/04/2024","Walk-in","2009536621","Accessories","BELT","Free Size","Red","1","399.00","0","399.0","Card","Mall Road","House Account"
"625","06/25/2023","Walk-in","NoContact","Men","SHIRT","XL","White","1","499","10","449.1","UPI","Mall Road","Priya"
"626","2023-06-21","Walk-in","0744360234","Accessories","cap","Free Size","Blue","1","199","10","179.1","Cash","Main Market","rahul"
"627","23/04/25","ANJALI","6903265513","Men","T-Shirt","M","White","2","999","0","1998.0","UPI","Main Market","Amit"
"628","11-05-2025","Walk-in","8649864786","Kids","Shorts","XXL","Pink","2","499","10","898.2","Card","Main Market","Rahul"
"629","2023-10-26","Walk-in","NoContact","Kids","Shorts","Standard","Red","1","299","0","299.0","UPI","Main Market","rahul"
"630","24/06/24","Anil Kumar","2202123720","Women","Dupatta","L","White","1","1199.00","0","1199.0","Cash","Main Market","rahul"
"631","2023-05-05","Walk-in","0091692327","Women","Dupatta","XL","Grey","2","0","20","0.0","UPI","","AMIT"
"632","2025-04-15","Walk-in","3361137118","Men","Trousers","XXL","Yellow","1","599.00","0","599.0","UPI","Mall Road","Amit"
"633","2024-01-20","Sunita Sharma","4667201082","Kids","Frock","Standard","Green","1","199","0","0.0","UPI","Main Market","Amit"
"634","2023-09-26","Walk-in","5364235700","Women","Palazzo","Standard","Grey","1","1999","0","1999.0","Cash","Station Branch","House Account"
"635","2024-04-20","Walk-in","NA","Men","KURTA","XL","Blue","3","1299","0","3897.0","Cash","Station Branch","Sneha"
"636","04/02/2023","Walk-in","4850766534","Women","DRESS","S","Blue","2","1599","0","3198.0","Cash","Mall Road","rahul"
"637","2025-01-19","ANJALI","4358617682","Women","Dupatta","XL","Red","2","1199","0","2398.0","Card","","Amit"
"638","28/09/24","Pooja Verma","7849477129","Accessories","Cap","Free Size","Maroon","1","199","0","199.0","Cash","Station Branch","Vikas"
"639","04/24/2023","Walk-in","6495254920","Accessories","scarf","Free Size","White","1","149","20","0.0","Cash","Main Market","AMIT"
"640","05/29/2024","Walk-in","4968066405","Women","TOP","XXL","Black","2","449","0","898.0","Card","Mall Road","Sneha"
"641","2023-04-13","Pooja Verma","NoContact","Kids","t-shirt","M","Red","2","499","20","0.0","UPI","Main Market","AMIT"
"642","2025-02-19","Pooja Verma","NoContact","Men","SHIRT","L","Red","3","399","20","957.6","Cash","Mall Road","Rahul"
"643","03/04/24","Walk-in","0248085578","Accessories","wallet","Free Size","Navy","2","199.00","0","398.0","UPI","Main Market","Sneha"
"644","21/01/23","ANJALI","5169139521","Accessories","wallet","Free Size","Maroon","1","399","0","399.0","Card","Main Market","Rahul"
"645","08/14/2024","Sunita Sharma","4813004169","Accessories","Belt","Free Size","Yellow","2","149","0","298.0","Cash","Mall Road","Priya"
"646","2023-01-04","Walk-in","4764278961","Accessories","Cap","One Size","Green","3","149","0","447.0","Cash","Main Market","Priya"
"647","2025-04-04","ANJALI","3703175438","Kids","Shirt","XL","Black","1","199","0","199.0","UPI","Station Branch","House Account"
"648","2024-07-22","Sunita Sharma","7664207632","Accessories","Wallet","Free Size","Black","2","199","0","398.0","UPI","Mall Road","AMIT"
"649","19/06/24","Ramesh Gupta","NA","Accessories","Wallet","Free Size","White","2","0","0","0.0","UPI","Main Market","House Account"
"650","2025-01-25","Pooja Verma","7897755426","Men","blazer","XL","White","1","999","0","999.0","UPI","Main Market","Amit"
"651","05/05/25","Anil Kumar","7691716204","Accessories","Wallet","Free Size","Grey","2","99","0","198.0","UPI","Mall Road","Sneha"
"652","15-01-2023","Sunita Sharma","NA","Men","jeans","S","Maroon","1","999","20","799.2","Card","Station Branch","Rahul"
"653","07/23/2023","Walk-in","7244693172","Men","Trousers","S","White","1","1499.00","10","1349.1000000000001","UPI","Main Market","Rahul"
"654","15/02/25","Walk-in","1291635049","Accessories","Scarf","Free Size","Black","2","99","0","198.0","Other","Mall Road","Amit"
"655","2024-03-21","Walk-in","7560208019","Accessories","Wallet","One Size","White","1","399","0","399.0","Card","Mall Road","Sneha"
"656","2023-09-08","Walk-in","NoContact","Men","Jeans","XXL","Navy","1","399","0","399.0","Card","Main Market","Priya"
"657","03/05/2025","Ramesh Gupta","4362962080","Women","Leggings","L","Red","2","1999","20","3198.4","UPI","Mall Road","Priya"
"658","23/05/24","Ramesh Gupta","NoContact","Women","Top","XL","Yellow","2","1199","0","2398.0","Cash","Main Market","rahul"
"659","2025-05-30","Anil Kumar","NoContact","Men","shirt","XXL","Green","1","0","0","0.0","Cash","Station Branch","Priya"
"660","2023-04-06","Walk-in","NA","Kids","Frock","XXL","Grey","1","499","20","399.20000000000005","UPI","Main Market","Amit"
"661","2024-03-16","Walk-in","9025784640","Men","Jeans","XL","Red","1","799","0","799.0","UPI","Main Market","Amit"
"662","2023-08-10","Anil Kumar","NoContact","Kids","Shirt","M","Maroon","2","199","0","398.0","Cash","Mall Road","Rahul"
"663","04/03/2023","Walk-in","NA","Men","kurta","L","Maroon","2","499","10","898.2","UPI","Main Market","Rahul"
"664","03/16/2024","Walk-in","NoContact","Accessories","cap","One Size","Red","1","99","0","99.0","UPI","Station Branch","Priya"
"665","16/08/23","Walk-in","6082770564","Men","BLAZER","XXL","White","1","499","0","499.0","Card","Main Market","rahul"
"666","17-08-2023","Ramesh Gupta","3610944164","Kids","Frock","Standard","Red","1","299","0","299.0","UPI","Main Market","Sneha"
"667","10/27/2023","Walk-in","6175518870","Accessories","Wallet","One Size","Maroon","1","299","0","299.0","UPI","","Amit"
"668","12/10/2023","Walk-in","9479025485","Men","T-Shirt","XXL","White","1","0","0","0.0","UPI","","AMIT"
"669","10/02/2023","Walk-in","4359900937","Women","Saree","L","Blue","1","349","0","0.0","Other","Mall Road","Priya"
"670","2024-10-29","Pooja Verma","6726368154","Kids","Frock","XXL","Pink","1","0","0","0.0","Cash","Main Market","Amit"
"671","2023-08-30","Pooja Verma","6050337469","Accessories","cap","Free Size","Red","3","0","10","0.0","Cash","Mall Road","AMIT"
"672","2023-08-30","Pooja Verma","6050337469","Accessories","cap","Free Size","Red","3","0","10","0.0","Cash","Mall Road","AMIT"
"673","12/03/2023","Walk-in","9067396342","Men","kurta","M","Black","2","799","0","1598.0","Card","Main Market","House Account"
"674","2023-03-21","Pooja Verma","7066320162","Kids","T-Shirt","Standard","Black","2","0","0","0.0","UPI","Station Branch","Amit"
"675","2023-01-07","Pooja Verma","4942694203","Men","blazer","XL","Blue","3","999","0","2997.0","Cash","","Sneha"
"676","05/07/24","Ramesh Gupta","NoContact","Kids","Shorts","S","Green","1","0","0","0.0","UPI","Main Market","Vikas"
"677","11/10/2024","Walk-in","8901649281","Women","Dupatta","Standard","Blue","1","1599.00","0","1599.0","UPI","Main Market","rahul"
"678","2023-06-19","Pooja Verma","4485007288","Kids","T Shirt","S","White","3","199","0","597.0","Other","Mall Road","Priya"
"679","10-05-2025","Ramesh Gupta","7026344435","Men","Trousers","XL","Navy","1","1299","0","1299.0","UPI","","AMIT"
"680","06/09/2023","ANJALI","0284976039","Men","shirt","S","Green","1","1499","0","1499.0","Card","Mall Road","Amit"
"681","2023-02-21","Walk-in","6226992066","Men","Trousers","XL","Navy","2","1499","20","2398.4","UPI","Mall Road","rahul"
"682","20-03-2024","Sunita Sharma","NoContact","Women","Top","M","Yellow","1","1199","0","1199.0","UPI","Station Branch","Sneha"
"683","05/11/24","Pooja Verma","NoContact","Men","Jeans","XXL","Pink","1","1299","0","1299.0","UPI","","Sneha"
"684","04/26/2024","Walk-in","8656422405","Men","Jacket","XXL","Blue","1","499","10","449.1","UPI","Main Market","AMIT"
"685","2025-05-27","Pooja Verma","0175307966","Accessories","CAP","One Size","Pink","2","399","10","718.2","Cash","","Vikas"
"686","04/08/23","Walk-in","NA","Women","DRESS","XXL","Black","2","449","0","898.0","UPI","Mall Road","AMIT"
"687","26/04/24","Anil Kumar","NoContact","Kids","T-Shirt","Standard","Maroon","1","499","10","449.1","Cash","","House Account"
"688","2023-01-02","Anil Kumar","1157449653","Men","Trousers","M","Pink","1","999","0","0.0","Cash","Main Market","Vikas"
"689","13-12-2023","Pooja Verma","6933356230","Men","T-Shirt","XXL","Pink","1","799","0","799.0","UPI","Main Market","rahul"
"690","31/10/23","Walk-in","2317146199","Men","Jeans","M","Black","1","399","0","399.0","Card","Mall Road","Amit"
"691","18/01/24","Walk-in","0368605063","Accessories","Wallet","One Size","Navy","1","149","0","149.0","Cash","Main Market","Priya"
"692","18/01/24","Walk-in","0368605063","Accessories","Wallet","One Size","Navy","1","149","0","149.0","Cash","Main Market","Priya"
"693","19-05-2023","Sunita Sharma","3759795319","Accessories","Scarf","Free Size","Red","3","399","0","1197.0","Card","Main Market","Amit"
"694","05/10/2025","Sunita Sharma","0704726602","Accessories","wallet","Free Size","Black","1","99","10","0.0","Cash","Main Market","House Account"
"695","2024-10-20","Walk-in","4693656183","Men","Blazer","L","Yellow","1","499","10","449.1","Other","Station Branch","AMIT"
"696","26-05-2025","Walk-in","2095673332","Accessories","Socks","One Size","Grey","3","149","20","357.6","UPI","Mall Road","Vikas"
"697","09/22/2023","ANJALI","3923852023","Kids","t-shirt","XXL","Black","1","299","10","269.1","Card","Station Branch","Sneha"
"698","2025-06-26","Walk-in","6470703850","Kids","Frock","M","Black","1","499","0","499.0","UPI","Station Branch","Vikas"
"699","2025-02-15","Walk-in","NA","Women","Palazzo","S","Red","1","899","10","809.1","Cash","Mall Road","Amit"
"700","2023-11-19","ANJALI","3183997984","Men","Jacket","M","Maroon","1","499","0","499.0","Card","Main Market","House Account"
"701","04/14/2023","Walk-in","NA","Kids","T-Shirt","XXL","White","2","499","0","998.0","Other","Main Market","Priya"
"702","2023-07-17","Walk-in","4742256787","Kids","Shorts","M","Green","2","199","10","358.2","Cash","Main Market","AMIT"
"703","2024-02-15","ANJALI","9984605867","Accessories","Belt","One Size","Blue","1","299","0","299.0","UPI","Main Market","AMIT"
"704","2023-12-31","ANJALI","6457865557","Women","Saree","S","Red","1","1199","0","1199.0","Cash","Main Market","rahul"
"705","2023-11-06","Walk-in","9974023386","Accessories","Scarf","Free Size","Green","1","99.00","0","99.0","Card","Main Market","Priya"
"706","07-12-2023","Walk-in","8309413490","Accessories","Belt","One Size","White","2","199","0","398.0","UPI","Mall Road","Amit"
"707","10/02/25","ANJALI","8095739405","Kids","shorts","XXL","Green","1","399","0","399.0","Cash","Main Market","Vikas"
"708","2023-04-09","ANJALI","7486759514","Kids","Frock","M","Blue","3","299","20","717.6","Other","Station Branch","Amit"
"709","22/06/23","Walk-in","5869427674","Women","kurti","XXL","Yellow","2","1599","0","3198.0","Card","Mall Road","Amit"
"710","2023-12-15","Sunita Sharma","8906232723","Women","PALAZZO","L","Blue","3","1199","0","3597.0","Cash","Main Market","Sneha"
"711","2024-04-02","Anil Kumar","1767553981","Accessories","Socks","Free Size","Maroon","2","399","0","798.0","Card","","Sneha"
"712","30/12/24","Walk-in","8384887638","Accessories","SOCKS","Free Size","Navy","1","0","0","0.0","Cash","Main Market","Sneha"
"713","19/06/24","Walk-in","2070669010","Accessories","belt","Free Size","Navy","1","99","0","99.0","Card","Station Branch","Sneha"
"714","06/15/2024","Ramesh Gupta","7077312315","Women","Leggings","L","Navy","1","0","0","0.0","Cash","Mall Road","Amit"
"715","18-04-2023","Sunita Sharma","NoContact","Men","Kurta","XXL","Navy","1","1299","10","1169.1000000000001","Cash","Main Market","Sneha"
"716","18/06/25","ANJALI","2344568446","Kids","T-Shirt","XL","Pink","2","399","0","798.0","Card","","rahul"
"717","2024-05-25","ANJALI","2927318683","Kids","T-SHIRT","XL","White","2","399","0","798.0","Other","Mall Road","Amit"
"718","25/01/23","Ramesh Gupta","6746215958","Women","saree","L","Blue","1","1999","0","1999.0","UPI","Main Market","rahul"
"719","04/12/2023","Sunita Sharma","7609483774","Men","Trousers","L","Red","2","499","15","848.3","Cash","Station Branch","rahul"
"720","13/07/23","Pooja Verma","1966661025","Kids","Frock","S","Black","1","399","0","399.0","Cash","Main Market","Amit"
"721","2024-04-08","Walk-in","4461440923","Women","Leggings","Standard","White","1","899","0","899.0","Card","Mall Road","rahul"
"722","20/10/24","Anil Kumar","2277641490","Kids","Frock","S","Blue","1","299","15","254.15","UPI","Mall Road","Rahul"
"723","2024-06-30","Ramesh Gupta","4733145461","Women","Palazzo","L","Blue","1","1599","0","1599.0","Cash","Mall Road","AMIT"
"724","11-03-2024","Walk-in","NA","Accessories","Socks","Free Size","Blue","1","0","0","0.0","Cash","Main Market","AMIT"
"725","16/01/23","Walk-in","NoContact","Women","Kurti","Standard","Navy","2","599","0","1198.0","Other","Station Branch","House Account"
"726","2023-09-20","Walk-in","NoContact","Men","Blazer","M","Black","1","599","0","599.0","UPI","","Amit"
"727","2024-11-10","Walk-in","1348433913","Women","saree","L","Red","1","599","0","599.0","Cash","Main Market","Amit"
"728","2024-11-10","Walk-in","1348433913","Women","saree","L","Red","1","599","0","599.0","Cash","Main Market","Amit"
"729","23-03-2025","Walk-in","8663420953","Women","Palazzo","L","Maroon","1","599","20","479.20000000000005","UPI","Mall Road","House Account"
"730","01/10/23","Pooja Verma","5380966414","Women","Top","M","Yellow","1","1999","0","1999.0","Card","Main Market","Vikas"
"731","2025-02-23","Walk-in","3243679241","Accessories","Scarf","One Size","Yellow","2","149","0","298.0","Card","Main Market","Sneha"
"732","14/04/25","Walk-in","0826493121","Women","Kurti","M","Grey","3","899","0","2697.0","Card","Mall Road","Amit"
"733","2024-08-22","Sunita Sharma","NoContact","Kids","shorts","XXL","Black","3","399","0","1197.0","Other","Main Market","Priya"
"734","12/03/2023","Walk-in","NoContact","Women","Palazzo","XL","Green","1","899.00","10","809.1","UPI","Main Market","Priya"
"735","2024-12-03","Walk-in","4098410167","Accessories","Wallet","Free Size","Blue","2","199","0","398.0","Card","Main Market","Vikas"
"736","11-07-2024","Walk-in","9034213485","Men","Jacket","Standard","Green","1","1299","10","1169.1000000000001","Cash","Mall Road","Rahul"
"737","20/03/25","Walk-in","NA","Accessories","SOCKS","One Size","Navy","1","0","10","0.0","UPI","Main Market","Amit"
"738","11/21/2023","ANJALI","1936785764","Kids","Shirt","M","Pink","2","0","0","0.0","Cash","","AMIT"
"739","2023-08-12","Walk-in","6261684552","Kids","Tshirt","S","Navy","1","299","0","299.0","Cash","Main Market","House Account"
"740","09/04/2024","Walk-in","NoContact","Kids","SHIRT","XL","Navy","1","399","0","399.0","Card","Mall Road","AMIT"
"741","2023-05-17","Pooja Verma","4607001441","Kids","Shirt","L","Yellow","2","399","0","798.0","Card","Main Market","Vikas"
"742","2024-10-16","ANJALI","0978302801","Women","Leggings","L","White","2","1999","10","3598.2000000000003","Card","Main Market","Vikas"
"743","02/07/2023","Walk-in","8930635780","Men","Kurta","M","Pink","1","1499.00","10","1349.1000000000001","Cash","Main Market","AMIT"
"744","25-02-2025","Walk-in","2906969045","Kids","Frock","XXL","Navy","1","399","0","0.0","Cash","Mall Road","House Account"
"745","16-06-2025","Walk-in","2324234800","Kids","Frock","XL","Navy","3","499","10","1347.3","Card","Mall Road","Sneha"
"746","01/16/2023","Sunita Sharma","NA","Accessories","SOCKS","One Size","Pink","1","199","20","159.20000000000002","UPI","","Amit"
"747","2023-05-24","Pooja Verma","9917217429","Kids","Shorts","M","White","1","399","0","399.0","UPI","Main Market","Priya"
"748","05/09/2025","Walk-in","4850220619","Kids","frock","XL","Maroon","3","499","0","0.0","UPI","Main Market","AMIT"
"749","2024-11-24","ANJALI","NoContact","Accessories","Belt","Free Size","Red","1","399","10","359.1","Cash","","AMIT"
"750","2025-04-21","ANJALI","6190223116","Accessories","Cap","Free Size","Yellow","1","299","20","239.20000000000002","Card","","rahul"
"751","2025-01-07","Walk-in","3711429430","Women","Leggings","M","Black","1","1599","0","1599.0","UPI","Station Branch","Amit"
"752","2025-02-12","Sunita Sharma","NoContact","Women","PALAZZO","M","Black","1","899","0","899.0","Card","Mall Road","Priya"
"753","03/31/2024","Anil Kumar","NoContact","Kids","frock","S","Blue","1","399","0","399.0","Card","Main Market","Sneha"
"754","2024-08-14","Anil Kumar","0462506929","Accessories","Scarf","One Size","Maroon","2","199","0","398.0","Other","Main Market","rahul"
"755","06/06/2025","Walk-in","NoContact","Women","Dupatta","XL","Grey","2","1199","0","2398.0","Card","Main Market","Amit"
"756","2023-04-30","Sunita Sharma","0703398214","Women","Dupatta","L","Grey","2","1199","10","2158.2000000000003","UPI","Main Market","AMIT"
"757","2023-05-24","Pooja Verma","NA","Women","Palazzo","XXL","Green","1","349.00","0","349.0","Cash","Main Market","Rahul"
"758","2025-03-19","Walk-in","8967136054","Kids","shorts","XL","Green","3","299","0","897.0","UPI","Mall Road","rahul"
"759","2025-03-19","Walk-in","8967136054","Kids","shorts","XL","Green","3","299","0","897.0","UPI","Mall Road","rahul"
"760","26/10/23","Walk-in","8080388904","Kids","T-SHIRT","M","Black","1","399","0","399.0","Cash","Mall Road","rahul"
"761","2023-12-27","Walk-in","NA","Accessories","Socks","Free Size","White","2","399","0","798.0","UPI","Mall Road","rahul"
"762","2024-09-12","Walk-in","3716115866","Kids","SHIRT","Standard","Grey","1","199","10","179.1","Card","Mall Road","House Account"
"763","06-07-2024","Anil Kumar","7285353399","Women","Palazzo","M","Maroon","2","899","0","1798.0","Cash","Mall Road","AMIT"
"764","12/16/2023","Walk-in","7276698345","Kids","T-SHIRT","L","Pink","1","499","0","499.0","Card","Main Market","House Account"
"765","10-08-2023","Anil Kumar","7771961997","Men","Jacket","S","Grey","1","399","0","399.0","Card","Mall Road","AMIT"
"766","09-04-2023","Walk-in","2600802658","Kids","Shirt","XL","Red","1","399","0","399.0","Card","Station Branch","Sneha"
"767","2025-04-17","Pooja Verma","NA","Women","Leggings","XXL","Pink","1","449","0","449.0","Other","Mall Road","Vikas"
"768","2025-05-28","Walk-in","7240002086","Women","dupatta","S","White","2","899.00","0","1798.0","Cash","Station Branch","Rahul"
"769","11/02/2024","Pooja Verma","3010009089","Kids","Shorts","M","Grey","1","299","0","299.0","UPI","Station Branch","Rahul"
"770","04/01/2023","Pooja Verma","8081226815","Women","Top","L","Green","1","599","10","539.1","UPI","Mall Road","Rahul"
"771","2024-09-25","Sunita Sharma","1891426937","Kids","FROCK","Standard","Red","1","0","10","0.0","Card","Mall Road","rahul"
"772","16/01/25","Walk-in","6292266678","Accessories","Belt","One Size","Maroon","2","299","0","598.0","Card","Main Market","rahul"
"773","16/01/25","Walk-in","6292266678","Accessories","Belt","One Size","Maroon","2","299","0","598.0","Card","Main Market","rahul"
"774","2023-12-16","ANJALI","2659764083","Kids","frock","Standard","Navy","3","199","0","597.0","Cash","","Vikas"
"775","07/06/25","Anil Kumar","8871148600","Men","Jacket","S","Maroon","2","0","10","0.0","UPI","Station Branch","Amit"
"776","14-01-2023","Walk-in","0742906952","Accessories","Socks","One Size","Grey","1","99","20","79.2","Cash","","Rahul"
"777","2025-04-04","ANJALI","7405714469","Accessories","Wallet","Free Size","Grey","1","149","0","149.0","Card","Station Branch","AMIT"
"778","2025-06-13","Ramesh Gupta","4834835862","Women","Leggings","L","Yellow","2","599","0","1198.0","UPI","Mall Road","Sneha"
"779","2024-09-16","Ramesh Gupta","4436958050","Women","Kurti","Standard","Yellow","1","899","0","899.0","Cash","Station Branch","Amit"
"780","04/02/2024","ANJALI","9545038016","Kids","Shirt","M","Red","2","299","0","598.0","Other","Main Market","Rahul"
"781","2023-03-24","Pooja Verma","9193511745","Accessories","cap","One Size","Blue","2","299","0","598.0","Card","Main Market","AMIT"
"782","19/01/24","Walk-in","4126084818","Women","TOP","Standard","Grey","1","449","0","0.0","Cash","Mall Road","Sneha"
"783","2023-02-03","Walk-in","NoContact","Men","Kurta","M","Red","1","1499","10","1349.1000000000001","Card","Mall Road","Sneha"
"784","2024-01-14","Ramesh Gupta","5028231342","Men","T-Shirt","L","White","1","1499","0","1499.0","Cash","Main Market","House Account"
"785","05/26/2025","ANJALI","1506291792","Kids","T-Shirt","Standard","White","1","299","10","269.1","Cash","Station Branch","Priya"
"786","26/11/23","Ramesh Gupta","6710529877","Accessories","WALLET","Free Size","Pink","1","0","0","0.0","UPI","","Priya"
"787","2024-05-21","Walk-in","4502958676","Kids","Frock","Standard","Green","1","0","20","0.0","UPI","Mall Road","rahul"
"788","15-03-2023","Anil Kumar","NoContact","Accessories","Scarf","Free Size","Pink","1","149","20","119.2","UPI","Main Market","Amit"
"789","09/02/25","Walk-in","NoContact","Men","Shirt","XXL","Pink","1","0","0","0.0","Cash","Main Market","Priya"
"790","13-04-2023","ANJALI","7163485089","Accessories","Wallet","Free Size","Grey","1","299.00","0","299.0","Cash","Station Branch","Priya"
"791","25-05-2024","Ramesh Gupta","1886263956","Kids","Shorts","L","Yellow","1","499","0","499.0","Card","Station Branch","Sneha"
"792","05/24/2023","Sunita Sharma","1446627633","Men","Jeans","XL","White","2","799","10","1438.2","Card","Main Market","Vikas"
"793","05-05-2024","Sunita Sharma","6896987036","Women","PALAZZO","Standard","Black","2","1199","10","2158.2000000000003","Card","","Sneha"
"794","14-10-2023","Walk-in","0629118722","Accessories","WALLET","One Size","Navy","1","399","0","399.0","Cash","Mall Road","rahul"
"795","06/08/2025","Walk-in","1486565818","Men","Jacket","L","Grey","2","999.00","0","1998.0","Cash","Mall Road","Sneha"
"796","06/06/25","Walk-in","4963788119","Kids","Shirt","S","Maroon","1","199","0","199.0","UPI","Main Market","rahul"
"797","25-06-2023","Pooja Verma","NA","Women","Palazzo","S","White","1","0","0","0.0","UPI","Main Market","AMIT"
"798","05/30/2024","Anil Kumar","3998127439","Kids","Shorts","S","Green","1","199.00","0","199.0","Card","Mall Road","Priya"
"799","02/09/2024","Sunita Sharma","1384531563","Women","LEGGINGS","L","Grey","2","899","10","1618.2","Card","Station Branch","House Account"
"800","20-12-2024","ANJALI","3516681133","Men","Blazer","L","Yellow","1","1499","20","1199.2","Cash","Main Market","AMIT"
"801","01/09/2025","Walk-in","3236540181","Women","Palazzo","S","Black","1","449","0","449.0","UPI","Main Market","Rahul"
"802","11/12/23","Sunita Sharma","NoContact","Women","Palazzo","M","Yellow","1","1599.00","10","1439.1000000000001","Card","Main Market","Priya"
"803","03/07/23","Walk-in","1035659429","Women","Dress","L","Green","2","1599","0","3198.0","Card","Mall Road","rahul"
"804","2023-06-29","Ramesh Gupta","2692855074","Women","Leggings","Standard","Yellow","1","1599","15","1359.1499999999999","Cash","Station Branch","House Account"
"805","22/09/23","Walk-in","8300995428","Kids","Shirt","M","Navy","1","499","0","0.0","UPI","","rahul"
"806","06/06/25","Walk-in","NoContact","Accessories","Socks","One Size","Grey","1","0","10","0.0","Cash","Main Market","Vikas"
"807","2025-05-01","Walk-in","7140250385","Kids","Shirt","XXL","White","1","399","10","359.1","UPI","Station Branch","Priya"
"808","02/21/2025","ANJALI","6951930485","Accessories","Wallet","Free Size","Maroon","1","299","0","299.0","UPI","Mall Road","AMIT"
"809","2025-03-10","Pooja Verma","3318123357","Men","Tshirt","L","Maroon","1","499","0","499.0","UPI","Main Market","AMIT"
"810","2024-07-21","ANJALI","4759443485","Kids","Shorts","XL","Grey","1","499","0","0.0","UPI","Main Market","Sneha"
"811","12/17/2023","Ramesh Gupta","2660004709","Accessories","Scarf","One Size","Pink","3","199","0","0.0","Other","Mall Road","rahul"
"812","2023-11-16","ANJALI","1868704796","Men","Shirt","L","Blue","1","399","0","399.0","UPI","Main Market","House Account"
"813","08/24/2024","Sunita Sharma","9180038146","Kids","t-shirt","XXL","Maroon","1","199.00","0","199.0","UPI","Main Market","Priya"
"814","16-02-2024","Ramesh Gupta","NA","Kids","Shirt","S","Navy","1","299","10","269.1","Cash","Main Market","House Account"
"815","2024-02-22","Walk-in","5576634541","Women","Kurti","S","Green","1","349","0","349.0","UPI","Station Branch","Vikas"
"816","22-09-2024","Walk-in","NoContact","Kids","Frock","XL","Green","2","199.00","10","358.2","UPI","","Amit"
"817","15/10/24","Walk-in","6996208347","Women","Palazzo","Standard","Blue","1","1199","0","1199.0","UPI","Main Market","House Account"
"818","2024-07-26","ANJALI","4387129514","Accessories","wallet","One Size","Red","2","0","0","0.0","Other","Main Market","Amit"
"819","03/04/25","Anil Kumar","NoContact","Accessories","Belt","Free Size","Green","1","149","10","134.1","UPI","","House Account"
"820","29/03/24","Anil Kumar","9931360622","Accessories","Cap","Free Size","Red","2","199.00","0","398.0","UPI","Station Branch","rahul"
"821","2025-01-08","Walk-in","5382944191","Men","Jeans","XXL","Green","1","1299","0","1299.0","UPI","Mall Road","AMIT"
"822","02/11/23","ANJALI","7809645837","Men","JACKET","XXL","White","2","0","0","0.0","Cash","Main Market","Sneha"
"823","11-10-2023","Walk-in","4862675119","Kids","FROCK","XL","Yellow","2","399","0","798.0","Card","Main Market","House Account"
"824","20-07-2024","Walk-in","6018040334","Accessories","wallet","One Size","Black","3","399","0","1197.0","UPI","Mall Road","rahul"
"825","04/02/25","Walk-in","0536499119","Accessories","CAP","One Size","Yellow","1","99","0","0.0","Other","","Amit"
"826","2025-03-10","ANJALI","7656590705","Kids","T-Shirt","XXL","Black","1","199","0","199.0","UPI","Main Market","rahul"
"827","02/19/2024","Sunita Sharma","5359771001","Accessories","CAP","One Size","Maroon","1","149","10","134.1","UPI","Mall Road","Vikas"
"828","04/10/23","Sunita Sharma","NoContact","Women","PALAZZO","L","Pink","2","449","0","898.0","UPI","Station Branch","House Account"
"829","28-05-2024","Pooja Verma","2841362334","Women","saree","XXL","Yellow","1","599","0","599.0","Card","","Priya"
"830","01/01/25","Walk-in","NoContact","Kids","Shirt","M","Green","2","399","0","798.0","Cash","Main Market","AMIT"
"831","2023-11-17","Walk-in","2159389676","Kids","T-Shirt","S","Grey","2","499","20","798.40000000000009","Card","","House Account"
"832","2023-03-18","Ramesh Gupta","NoContact","Accessories","Belt","Free Size","Grey","1","199","20","159.20000000000002","Other","Mall Road","Sneha"
"833","25-02-2025","Walk-in","3565826082","Accessories","Cap","One Size","Grey","2","299","10","538.2","Card","Station Branch","Vikas"
"834","06/06/2025","Pooja Verma","NoContact","Men","Tshirt","XL","Navy","1","399","0","399.0","UPI","Main Market","House Account"
"835","20-03-2023","Walk-in","NoContact","Kids","Shirt","XL","Green","1","399","15","339.15","Card","Main Market","Sneha"
"836","09/01/25","Walk-in","1847146220","Accessories","Cap","Free Size","Yellow","1","399","0","399.0","Cash","Main Market","Priya"
"837","2025-01-19","Walk-in","7618376295","Women","dress","XXL","White","1","349","0","349.0","Other","Mall Road","Amit"
"838","02/15/2023","Walk-in","4564967419","Men","trousers","S","Green","2","0","0","0.0","UPI","","Rahul"
"839","19-07-2024","Anil Kumar","1368296707","Accessories","Scarf","One Size","Red","2","199","0","398.0","UPI","Main Market","rahul"
"840","01/11/2023","Ramesh Gupta","NA","Women","Dupatta","M","Maroon","3","349","0","1047.0","UPI","Main Market","Priya"
"841","06/16/2025","Walk-in","1283319558","Men","Trousers","XL","White","1","1499","15","0.0","Card","Station Branch","AMIT"
"842","16/12/24","Walk-in","6483895337","Men","Trousers","S","Grey","1","1299","0","0.0","Card","Mall Road","rahul"
"843","2023-09-28","Pooja Verma","7574510484","Men","Shirt","L","White","1","599","0","599.0","UPI","Main Market","Priya"
"844","28-02-2024","Walk-in","NoContact","Kids","Shirt","L","Green","1","199","15","169.15","UPI","Mall Road","House Account"
"845","27-11-2024","Ramesh Gupta","9846856066","Kids","Shorts","L","Grey","1","499","0","499.0","Card","Main Market","Sneha"
"846","25/04/25","Walk-in","7792711073","Women","Dress","S","Navy","1","1999","20","1599.2","Cash","Mall Road","Amit"
"847","17/03/25","Walk-in","6943069523","Kids","frock","M","White","2","299","0","598.0","Cash","Main Market","House Account"
"848","2023-04-30","Walk-in","4255428053","Women","Dress","S","Maroon","1","599","15","509.15","Cash","Mall Road","rahul"
"849","2023-11-30","Pooja Verma","3992879872","Accessories","Socks","Free Size","Black","1","149","0","149.0","Cash","Mall Road","House Account"
"850","05-01-2023","Anil Kumar","NoContact","Accessories","WALLET","One Size","Navy","3","99.00","0","297.0","Other","Main Market","Amit"
"851","05-01-2023","Anil Kumar","NoContact","Accessories","WALLET","One Size","Navy","3","99.00","0","297.0","Other","Main Market","Amit"
"852","04-06-2025","Walk-in","4662750152","Men","t-shirt","S","Blue","1","1299","0","0.0","UPI","","rahul"
"853","2024-02-12","Walk-in","1457923267","Men","Trousers","L","Pink","1","1499","0","1499.0","Cash","Station Branch","AMIT"
"854","08/08/2024","Walk-in","NoContact","Men","Shirt","S","Blue","2","999","0","1998.0","Cash","Main Market","Sneha"
"855","2024-10-08","Anil Kumar","1639714920","Women","Top","S","Green","2","1599","0","3198.0","Cash","Mall Road","Amit"
"856","11/08/24","ANJALI","NA","Kids","Shirt","XXL","Maroon","2","299","0","598.0","Card","Main Market","Vikas"
"857","2024-02-20","Ramesh Gupta","0299034804","Kids","Frock","M","Yellow","3","499.00","0","1497.0","Other","Main Market","Rahul"
"858","2023-09-25","Walk-in","3693091401","Kids","T-SHIRT","XL","Yellow","1","499","20","399.20000000000005","Card","Main Market","Amit"
"859","03/19/2025","Walk-in","2473650032","Women","Top","L","Navy","1","1599","0","1599.0","UPI","Mall Road","rahul"
"860","10/18/2023","Ramesh Gupta","NoContact","Men","Jacket","L","Black","1","799","10","719.1","Cash","","rahul"
"861","2024-07-05","Ramesh Gupta","7203350516","Kids","Frock","S","Black","3","399","0","1197.0","Cash","Mall Road","Priya"
"862","2024-02-07","Walk-in","NoContact","Kids","Shorts","XXL","Grey","2","399","0","798.0","Cash","Main Market","House Account"
"863","2025-01-16","Sunita Sharma","1971575571","Women","Top","XL","Pink","1","1199","0","1199.0","Other","Main Market","Vikas"
"864","11/20/2023","Walk-in","0761504205","Accessories","Wallet","One Size","Blue","2","99","10","178.20000000000002","UPI","Mall Road","AMIT"
"865","20/02/23","ANJALI","8999514549","Accessories","Wallet","One Size","White","2","99.00","0","198.0","UPI","Main Market","rahul"
"866","01/19/2023","Walk-in","8719261548","Women","top","S","Red","1","599","10","0.0","Cash","Mall Road","Vikas"
"867","04/08/24","Pooja Verma","3887246163","Kids","Shorts","S","Yellow","2","199","10","358.2","UPI","","Rahul"
"868","2024-08-04","Pooja Verma","4662897351","Men","SHIRT","L","White","1","599","10","539.1","Card","","rahul"
"869","04/15/2023","Anil Kumar","NoContact","Men","shirt","M","White","1","0","0","0.0","UPI","Main Market","Amit"
"870","2023-02-04","Walk-in","3615276958","Men","JEANS","XL","Maroon","2","799","10","1438.2","Cash","Mall Road","Amit"
"871","11-06-2025","Walk-in","NoContact","Kids","Shirt","S","White","1","0","10","0.0","Cash","Mall Road","Priya"
"872","2025-04-14","Walk-in","6924768834","Women","Palazzo","S","Maroon","3","349","10","942.30000000000007","UPI","Main Market","Priya"
"873","2023-02-09","Anil Kumar","9406714878","Men","JACKET","L","Red","3","599","0","0.0","Card","Mall Road","Vikas"
"874","10/27/2024","Pooja Verma","0077017737","Accessories","Scarf","One Size","Navy","2","399","0","798.0","Cash","Mall Road","Priya"
"875","10/27/2024","Pooja Verma","0077017737","Accessories","Scarf","One Size","Navy","2","399","0","798.0","Cash","Mall Road","Priya"
"876","2023-03-30","Anil Kumar","6743338496","Men","Shirt","S","Navy","1","1299","0","1299.0","Cash","Mall Road","Rahul"
"877","08/08/23","Walk-in","9773173946","Women","Palazzo","L","White","2","1999","0","3998.0","UPI","","House Account"
"878","03-04-2024","Walk-in","5570393427","Accessories","Wallet","Free Size","Maroon","1","199","0","199.0","UPI","Main Market","House Account"
"879","14-11-2024","Walk-in","6161973844","Kids","Frock","Standard","Red","3","0","10","0.0","UPI","Main Market","Rahul"
"880","2024-11-12","Walk-in","NoContact","Women","Palazzo","XXL","Green","1","899","0","899.0","Other","Main Market","rahul"
"881","2024-02-12","Walk-in","1302364169","Kids","Shorts","S","Navy","1","199","20","159.20000000000002","UPI","Main Market","rahul"
"882","27/06/25","ANJALI","2693794999","Accessories","Cap","Free Size","White","1","399","10","359.1","Card","Mall Road","Vikas"
"883","2023-01-25","Walk-in","NoContact","Kids","Shorts","XL","Pink","1","0","0","0.0","Card","","House Account"
"884","30/08/23","Walk-in","NoContact","Men","Jacket","M","Grey","2","999","15","1698.3","Cash","Main Market","Amit"
"885","08/01/25","Ramesh Gupta","5795519247","Women","Leggings","Standard","Pink","2","349","0","0.0","Card","Mall Road","Rahul"
"886","01-02-2023","Walk-in","NoContact","Women","Palazzo","M","Yellow","2","1599","10","2878.2000000000003","UPI","","Amit"
"887","01/03/2025","ANJALI","6365129555","Women","Saree","Standard","Black","1","349","0","349.0","Cash","Main Market","Priya"
"888","2023-01-02","Anil Kumar","4106166497","Accessories","Cap","Free Size","Maroon","2","399","0","0.0","Card","Station Branch","Rahul"
"889","2023-01-19","Pooja Verma","6131525523","Men","JEANS","XL","Maroon","1","599","0","599.0","UPI","Station Branch","Sneha"
"890","17-02-2023","Walk-in","NoContact","Accessories","Cap","Free Size","Yellow","1","199.00","0","199.0","UPI","","rahul"
"891","2023-09-18","Walk-in","8097186142","Women","Dress","XXL","Pink","1","449","0","449.0","Card","","Vikas"
"892","2024-08-29","Ramesh Gupta","NoContact","Kids","Frock","L","Yellow","3","499.00","0","1497.0","Cash","Mall Road","Vikas"
"893","06/21/2023","Walk-in","3689600834","Kids","T-SHIRT","XL","Red","1","399","0","399.0","UPI","Station Branch","Sneha"
"894","08/31/2024","ANJALI","NoContact","Men","Blazer","L","Maroon","3","399","0","1197.0","Cash","Main Market","Sneha"
"895","02/10/2024","Walk-in","9007379499","Accessories","Socks","Free Size","Pink","3","399","0","1197.0","UPI","Mall Road","AMIT"
"896","2025-04-30","Walk-in","0435983985","Kids","Shorts","S","Red","1","299","0","299.0","UPI","","rahul"
"897","2023-08-12","Walk-in","3071776135","Kids","Shorts","XXL","White","1","399","0","399.0","UPI","Main Market","Amit"
"898","02/22/2025","Pooja Verma","2735514972","Women","Saree","L","Red","2","449","20","718.40000000000009","UPI","Mall Road","AMIT"
"899","07-02-2023","Pooja Verma","NoContact","Accessories","Belt","One Size","Navy","1","199","0","0.0","UPI","Mall Road","Vikas"
"900","15/01/23","Anil Kumar","NoContact","Accessories","CAP","Free Size","Blue","1","0","0","0.0","Cash","Station Branch","Sneha"
"901","02/22/2023","Pooja Verma","NA","Men","Jeans","Standard","Green","1","799","15","679.15","UPI","Station Branch","Vikas"
"902","2024-02-14","Pooja Verma","2690222097","Women","saree","XL","Maroon","1","449","0","449.0","Cash","Mall Road","AMIT"
"903","17-06-2023","Pooja Verma","NA","Men","BLAZER","L","Blue","1","499","0","499.0","Other","Main Market","Priya"
"904","14-06-2024","Walk-in","2698044665","Men","Jeans","XXL","Pink","1","599","0","599.0","UPI","Mall Road","Rahul"
"905","2024-07-03","Walk-in","9465777061","Accessories","Scarf","Free Size","Green","1","199.00","0","199.0","Cash","Station Branch","Vikas"
"906","2024-04-22","Walk-in","NA","Accessories","Socks","Free Size","Blue","3","299","0","0.0","UPI","Main Market","House Account"
"907","03-01-2023","ANJALI","NoContact","Women","Leggings","S","Maroon","2","349","0","698.0","Cash","Mall Road","Amit"
"908","12/17/2024","Sunita Sharma","0511090070","Men","Trousers","Standard","Red","2","799","20","1278.4","Card","Main Market","Amit"
"909","2024-01-09","ANJALI","7539659744","Kids","Shorts","M","White","1","0","0","0.0","UPI","","Amit"
"910","07/12/2023","ANJALI","9376699768","Men","JEANS","XL","Green","3","399","0","1197.0","UPI","Mall Road","House Account"
"911","2023-02-05","Walk-in","NA","Accessories","Belt","One Size","Navy","2","399","0","798.0","UPI","","Rahul"
"912","22-04-2023","Walk-in","NoContact","Kids","Shirt","L","Yellow","1","499","10","449.1","Cash","Station Branch","Vikas"
"913","2023-07-23","Walk-in","NoContact","Accessories","Cap","Free Size","Black","1","399.00","0","399.0","Card","Mall Road","Amit"
"914","15-07-2024","Walk-in","4749847460","Kids","shirt","S","Yellow","2","399","10","718.2","Card","","Vikas"
"915","2024-04-09","Walk-in","9346389012","Kids","T-SHIRT","XXL","Black","2","299","0","598.0","UPI","Mall Road","House Account"
"916","21-04-2024","Pooja Verma","4805316022","Accessories","BELT","Free Size","Maroon","1","149","0","149.0","Other","Main Market","AMIT"
"917","2023-02-12","Sunita Sharma","9842882847","Men","Kurta","Standard","Pink","2","1299","0","2598.0","Other","Main Market","AMIT"
"918","12/07/24","Walk-in","8527287603","Men","jacket","M","Black","1","399","10","359.1","UPI","Mall Road","AMIT"
"919","17/12/23","Walk-in","NA","Men","Blazer","XL","Black","3","1299","15","3312.45","Card","Mall Road","Rahul"
"920","04/24/2025","Walk-in","7042402555","Men","Jeans","M","Yellow","1","0","0","0.0","Other","Main Market","AMIT"
"921","2023-08-27","Pooja Verma","5690448467","Accessories","Belt","Free Size","Blue","3","199","0","597.0","Cash","Mall Road","House Account"
"922","13/06/23","Sunita Sharma","NoContact","Kids","Shirt","S","Red","1","499","0","499.0","UPI","Main Market","Priya"
"923","2023-09-11","Pooja Verma","0581080153","Women","Palazzo","M","White","1","1199","20","959.2","Card","Main Market","Amit"
"924","28/12/23","Anil Kumar","9955055362","Accessories","cap","One Size","Blue","1","399.00","0","399.0","UPI","Main Market","Sneha"
"925","2024-02-08","Walk-in","9214574452","Kids","Frock","M","Yellow","2","199","0","398.0","Card","","rahul"
"926","04/04/2023","Sunita Sharma","4029363409","Kids","Shirt","S","Pink","2","299","10","538.2","Cash","Mall Road","Amit"
"927","2023-11-29","Pooja Verma","NoContact","Kids","Shirt","XXL","Navy","1","199","20","159.20000000000002","Cash","Main Market","Vikas"
"928","12-05-2023","Walk-in","NA","Women","Leggings","XL","Blue","1","449","0","449.0","UPI","Station Branch","Priya"
"929","15/08/24","Pooja Verma","5231919908","Women","KURTI","L","Navy","1","599","0","599.0","UPI","","Sneha"
"930","10-05-2024","Walk-in","3891918740","Men","trousers","M","Maroon","2","0","10","0.0","Cash","Main Market","Vikas"
"931","30/05/25","Walk-in","NA","Kids","Shorts","S","Grey","1","499","20","0.0","Card","Main Market","Sneha"
"932","10/03/24","ANJALI","NoContact","Accessories","SOCKS","Free Size","Red","2","99","10","178.20000000000002","UPI","Mall Road","rahul"
"933","22-05-2024","Sunita Sharma","8633234306","Women","dupatta","M","White","1","899.00","0","899.0","UPI","Station Branch","Sneha"
"934","22-05-2024","Sunita Sharma","8633234306","Women","dupatta","M","White","1","899.00","0","899.0","UPI","Station Branch","Sneha"
"935","2024-07-17","Sunita Sharma","1391960348","Women","Saree","L","Navy","1","349","20","279.2","UPI","Station Branch","AMIT"
"936","2025-03-29","Walk-in","7416371206","Women","Dress","M","White","1","349","0","349.0","Card","Mall Road","rahul"
"937","2024-12-24","Ramesh Gupta","1168611460","Men","Shirt","L","Pink","3","599","0","1797.0","Cash","Mall Road","House Account"
"938","2023-04-02","Walk-in","NA","Kids","Shorts","L","Green","3","499","20","1197.6000000000001","Card","Mall Road","House Account"
"939","2024-01-21","ANJALI","2173683850","Kids","Shirt","S","Red","1","199","20","159.20000000000002","UPI","Main Market","Vikas"
"940","01/20/2023","Sunita Sharma","4843770062","Men","JACKET","XL","Yellow","3","399","10","1077.3","Cash","Mall Road","Amit"
"941","08/22/2023","Pooja Verma","8971001707","Accessories","Wallet","One Size","Grey","2","199","0","398.0","Other","Mall Road","AMIT"
"942","05/18/2025","Anil Kumar","2833728756","Accessories","Belt","Free Size","Green","3","399","0","1197.0","Cash","Mall Road","House Account"
"943","2024-11-22","Sunita Sharma","NoContact","Accessories","Scarf","Free Size","Blue","2","399","10","718.2","Cash","Main Market","rahul"
"944","11/07/2023","Sunita Sharma","7388523774","Men","Shirt","XL","Green","1","599","0","599.0","UPI","Station Branch","Priya"
"945","22-08-2024","Pooja Verma","6028653839","Women","Leggings","M","Yellow","1","449","0","449.0","Other","Station Branch","Amit"
"946","2024-05-14","Walk-in","8669320709","Men","Jacket","S","White","3","1299","0","3897.0","Other","","rahul"
"947","17/05/23","ANJALI","4198281794","Accessories","Scarf","One Size","Black","2","99","10","178.20000000000002","UPI","Mall Road","Amit"
"948","16/01/24","Ramesh Gupta","NA","Women","kurti","XL","Black","1","1199","10","1079.1000000000001","Card","Mall Road","Rahul"
"949","24/07/23","Walk-in","NoContact","Accessories","Wallet","Free Size","Maroon","1","149","0","149.0","Card","","rahul"
"950","05/24/2023","ANJALI","2593103370","Women","saree","XL","Maroon","2","449","20","718.40000000000009","UPI","Main Market","Sneha"
"951","11-10-2024","Walk-in","7804737198","Accessories","Belt","Free Size","White","3","99","0","297.0","Card","Mall Road","rahul"
"952","03/21/2025","ANJALI","2640532739","Men","Blazer","L","Yellow","1","1499","0","0.0","UPI","Station Branch","Sneha"
"953","2024-01-19","Pooja Verma","5102506668","Men","T Shirt","XXL","Navy","1","0","0","0.0","UPI","Mall Road","rahul"
"954","31/05/23","Pooja Verma","NA","Accessories","Belt","One Size","White","1","0","0","0.0","UPI","","AMIT"
"955","2024-03-21","Ramesh Gupta","NoContact","Kids","Frock","M","Navy","2","399","15","678.3","Cash","","Priya"
"956","01/07/2025","Walk-in","3487493916","Men","blazer","XL","White","1","799","0","799.0","UPI","Station Branch","rahul"
"957","2024-01-01","Anil Kumar","4176090937","Accessories","Belt","Free Size","Black","2","299","0","598.0","Other","","House Account"
"958","2023-08-28","ANJALI","0528905665","Men","Shirt","L","Grey","1","1499.00","0","1499.0","Card","Mall Road","Priya"
"959","2023-02-16","Pooja Verma","9243435486","Women","Dress","M","Green","1","349","10","0.0","Card","Main Market","Sneha"
"960","03/05/24","Sunita Sharma","7691161221","Accessories","Belt","Free Size","White","1","299","0","299.0","Card","","House Account"
"961","01/01/25","Walk-in","NoContact","Kids","SHIRT","XXL","Red","1","399","0","0.0","Cash","Main Market","House Account"
"962","2025-05-20","Anil Kumar","NoContact","Men","Kurta","XL","Blue","3","799","0","2397.0","Cash","Main Market","Sneha"
"963","01-05-2025","Walk-in","NoContact","Accessories","Wallet","Free Size","Red","1","99.00","0","99.0","Other","Main Market","Sneha"
"964","2025-04-15","Pooja Verma","8910961968","Women","kurti","Standard","Yellow","1","1999","0","1999.0","Cash","Main Market","Rahul"
"965","2025-06-16","Walk-in","7140834695","Women","Dupatta","S","Pink","3","899","10","2427.3","Cash","Station Branch","House Account"
"966","2024-05-13","Walk-in","4142904957","Men","trousers","XL","Green","2","599","20","958.40000000000009","UPI","","Vikas"
"967","07/10/24","Walk-in","4685902629","Accessories","Cap","Free Size","Navy","1","0","0","0.0","UPI","Mall Road","rahul"
"968","17-02-2023","Pooja Verma","2774021572","Men","Jacket","L","Navy","2","999","0","1998.0","Cash","Main Market","House Account"
"969","28-03-2025","Sunita Sharma","8783437798","Women","SAREE","Standard","Navy","1","449","0","449.0","Cash","Mall Road","Amit"
"970","05/02/25","Walk-in","4225351178","Kids","Shorts","XL","Green","1","399.00","10","359.1","UPI","Mall Road","House Account"
"971","2024-05-22","Anil Kumar","8712075313","Women","top","XXL","Grey","1","349","0","0.0","Cash","Mall Road","Amit"
"972","12/31/2023","Pooja Verma","5744331997","Men","Blazer","XL","Green","1","1299","0","1299.0","UPI","Mall Road","AMIT"
"973","2024-01-09","Anil Kumar","6188817860","Women","Top","XXL","Grey","1","349","0","349.0","UPI","Main Market","AMIT"
"974","15/08/23","Pooja Verma","5600762282","Accessories","WALLET","One Size","Pink","2","399.00","0","798.0","Cash","Main Market","Sneha"
"975","2023-11-03","Pooja Verma","0666048531","Accessories","socks","One Size","Pink","1","149.00","0","149.0","Card","Station Branch","Vikas"
"976","2023-11-03","Pooja Verma","0666048531","Accessories","socks","One Size","Pink","1","149.00","0","149.0","Card","Station Branch","Vikas"
"977","14-02-2025","Sunita Sharma","3648116595","Men","Shirt","XL","Yellow","2","399","0","798.0","UPI","Mall Road","Amit"
"978","14/02/24","Pooja Verma","7759358613","Men","Kurta","XL","Navy","2","1499","0","2998.0","Card","Main Market","Rahul"
"979","2023-04-19","Sunita Sharma","0442364792","Kids","Frock","Standard","Black","3","199","0","597.0","UPI","Mall Road","Priya"
"980","09/08/24","ANJALI","6720961023","Accessories","Scarf","Free Size","Green","2","199","0","398.0","Card","Station Branch","AMIT"
"981","02-05-2023","Anil Kumar","9177326096","Women","Leggings","XXL","Grey","1","1599","10","1439.1000000000001","UPI","Mall Road","Priya"
"982","2024-02-25","Sunita Sharma","0263276765","Men","Jacket","XXL","Grey","3","499","20","1197.6000000000001","Other","","rahul"
"983","24-11-2023","Walk-in","5377290848","Accessories","Socks","One Size","Grey","1","199","0","199.0","Cash","Main Market","AMIT"
"984","13-09-2024","Ramesh Gupta","6480407373","Kids","Shorts","XL","Pink","1","299","0","299.0","Card","Main Market","Amit"
"985","26/10/23","ANJALI","6466033273","Kids","T-Shirt","S","Red","2","299","0","0.0","Cash","","Vikas"
"986","2024-06-14","ANJALI","7383306144","Men","SHIRT","S","Black","2","1299.00","0","2598.0","Card","Station Branch","Sneha"
"987","2024-10-13","Walk-in","9236139123","Kids","T-Shirt","M","Maroon","1","499","10","449.1","Other","Main Market","Sneha"
"988","02-05-2023","Pooja Verma","7078384784","Women","Dress","XXL","Grey","2","599","0","1198.0","Card","Mall Road","Sneha"
"989","10-03-2025","Walk-in","2302999663","Women","Kurti","M","Red","1","0","0","0.0","UPI","Mall Road","rahul"
"990","17-06-2023","Walk-in","NoContact","Kids","Shorts","M","Red","1","199","0","199.0","UPI","Mall Road","Rahul"
"991","2023-11-05","Walk-in","0930548473","Men","jeans","M","Blue","1","1299","0","1299.0","UPI","Station Branch","Amit"
"992","10/09/2023","Anil Kumar","1852557688","Kids","Shorts","M","Pink","3","399","20","957.6","UPI","Main Market","rahul"
"993","2024-12-31","Walk-in","2446403507","Kids","Shorts","XXL","Grey","2","399","0","798.0","UPI","Mall Road","House Account"
"994","2023-10-06","Walk-in","1238724937","Men","Jacket","Standard","Black","3","1299","0","3897.0","Card","Mall Road","Vikas"
"995","2024-01-08","Ramesh Gupta","0276749064","Kids","Shirt","L","Blue","1","299","0","299.0","Cash","","AMIT"
"996","2024-01-09","Walk-in","NA","Accessories","Scarf","Free Size","Green","2","149","0","298.0","Card","Mall Road","Amit"
"997","09/22/2024","Walk-in","6089888501","Kids","Shorts","XXL","Yellow","1","199.00","10","179.1","Cash","Main Market","Priya"
"998","2024-05-26","Walk-in","NA","Kids","frock","S","Black","2","199","20","318.40000000000003","UPI","","AMIT"
"999","02/18/2024","Sunita Sharma","2083481242","Women","PALAZZO","XXL","Pink","1","449","0","449.0","Card","Mall Road","Vikas"
"1000","2024-11-30","ANJALI","4499246871","Men","Jeans","XXL","White","1","1499","15","1274.1499999999999","UPI","Station Branch","House Account"
"1001","03/07/2023","Walk-in","4857830455","Kids","Shirt","M","Black","3","499","10","1347.3","Other","Mall Road","House Account"
"1002","2024-09-08","Ramesh Gupta","3270561465","Accessories","Socks","Free Size","Red","1","149","0","149.0","UPI","Main Market","Priya"
"1003","2023-02-15","Walk-in","7513061092","Kids","Frock","S","Black","1","499","10","449.1","Card","Main Market","AMIT"
"1004","26/12/23","Walk-in","NA","Men","Jeans","Standard","Black","1","399","0","399.0","Card","Mall Road","Rahul"
"1005","04-02-2025","Walk-in","5100568706","Accessories","Wallet","One Size","Yellow","1","299.00","0","299.0","Cash","","Priya"
"1006","2024-08-19","Walk-in","6570794321","Accessories","Cap","Free Size","White","1","399","0","399.0","Card","","House Account"
"1007","2023-07-14","Pooja Verma","3363305754","Kids","T-Shirt","Standard","Red","1","199","0","199.0","UPI","Mall Road","Priya"
"1008","28-10-2024","ANJALI","6470894406","Accessories","Wallet","Free Size","Blue","3","199","20","477.6","Cash","","House Account"
"1009","2025-06-20","Pooja Verma","NoContact","Women","Dupatta","XL","Red","1","0","10","0.0","Other","Main Market","rahul"
"1010","2023-04-18","Anil Kumar","9646077359","Kids","Shirt","XL","Grey","2","199","0","398.0","Cash","Main Market","Rahul"
"1011","19/04/23","ANJALI","8673581821","Kids","T-Shirt","L","Maroon","2","499","0","998.0","Card","Station Branch","Sneha"
"1012","2023-03-24","Ramesh Gupta","NoContact","Kids","Shorts","M","Pink","1","499","0","499.0","Cash","Main Market","rahul"
"1013","04/27/2023","Walk-in","NA","Women","Leggings","M","Maroon","2","449","0","898.0","Card","Main Market","AMIT"
"1014","2024-10-28","ANJALI","0557779174","Women","top","M","Black","1","449","0","449.0","Other","Mall Road","Sneha"
"1015","03/17/2025","Pooja Verma","5756294339","Kids","FROCK","S","Yellow","1","199","0","199.0","Cash","Station Branch","House Account"
"1016","2024-09-13","Pooja Verma","1854133366","Kids","FROCK","L","Blue","1","199","0","199.0","Cash","Mall Road","rahul"
"1017","02/13/2023","Walk-in","8446988866","Women","TOP","L","Black","3","599","0","1797.0","UPI","Main Market","Sneha"
"1018","15-07-2023","Walk-in","2315682342","Accessories","Cap","Free Size","Maroon","1","199","0","199.0","UPI","Mall Road","Amit"
"1019","10/02/23","ANJALI","4293987667","Accessories","CAP","Free Size","Black","1","149","0","149.0","Cash","Main Market","Rahul"
"1020","28/03/25","Walk-in","2654168939","Accessories","scarf","One Size","Red","1","99","10","89.100000000000009","UPI","Station Branch","House Account"
"1021","12-06-2024","ANJALI","0423573189","Women","SAREE","Standard","Black","2","1199","20","1918.4","UPI","Station Branch","Amit"
"1022","2023-01-07","Walk-in","4949996357","Men","Blazer","L","White","3","599","0","0.0","UPI","Main Market","House Account"
"1023","13-07-2023","Anil Kumar","5419635110","Kids","T-Shirt","XXL","Green","1","399","0","399.0","Card","Main Market","rahul"
"1024","2024-05-13","ANJALI","0323812817","Kids","T-Shirt","S","Green","1","299","0","299.0","UPI","Main Market","House Account"
"1025","2023-03-31","Ramesh Gupta","NA","Kids","Shirt","M","Blue","3","499","10","1347.3","UPI","Mall Road","Amit"
"1026","2023-11-01","Anil Kumar","0021824140","Women","Kurti","L","Navy","1","1599","0","1599.0","Card","","AMIT"
"1027","09/19/2023","Ramesh Gupta","2106510046","Accessories","wallet","Free Size","Green","1","99","0","99.0","UPI","Mall Road","House Account"
"1028","14-05-2023","ANJALI","1898987877","Kids","Shirt","M","Red","1","299","10","269.1","Card","Mall Road","Priya"
"1029","2023-04-30","Sunita Sharma","8681734188","Women","Dupatta","XXL","Pink","1","1199.00","0","1199.0","UPI","","Rahul"
"1030","02/05/2024","Walk-in","4493392719","Women","PALAZZO","L","Grey","3","599","0","1797.0","Card","Main Market","Amit"
"1031","12/11/2023","Anil Kumar","0789677888","Men","Blazer","S","Yellow","1","0","0","0.0","Cash","Main Market","Rahul"
"1032","26-11-2024","Ramesh Gupta","0438177998","Men","Trousers","M","Green","1","1499","0","1499.0","Card","Main Market","Vikas"
"1033","10-03-2023","Walk-in","0607136930","Accessories","Scarf","Free Size","White","1","99","15","84.149999999999992","UPI","Main Market","rahul"
"1034","2025-02-21","Sunita Sharma","2618455375","Accessories","Wallet","Free Size","Pink","3","199","10","537.30000000000007","Cash","Station Branch","Priya"
"1035","2025-01-24","Walk-in","0507507819","Kids","Shorts","M","White","1","399","0","0.0","UPI","Main Market","House Account"
"1036","24-02-2023","Pooja Verma","NoContact","Women","Leggings","XL","Grey","2","599","0","1198.0","Card","Mall Road","rahul"
"1037","25/10/23","Walk-in","2104072545","Women","Palazzo","L","Yellow","3","449","0","1347.0","UPI","Main Market","Amit"
"1038","08-02-2024","Ramesh Gupta","NoContact","Kids","Shirt","XL","Navy","1","299","0","299.0","UPI","Mall Road","Sneha"
"1039","2023-09-26","Sunita Sharma","5957812731","Kids","shorts","XL","Pink","1","299.00","0","299.0","Card","","Priya"
"1040","05-10-2023","Sunita Sharma","4655112863","Women","saree","L","Red","1","449","0","449.0","Cash","Station Branch","Amit"
"1041","2023-08-04","Sunita Sharma","NA","Men","Trousers","L","Navy","1","599","0","599.0","Card","Main Market","Amit"
"1042","2023-03-11","Ramesh Gupta","4869653715","Accessories","Socks","Free Size","Navy","1","0","0","0.0","UPI","Station Branch","Sneha"
"1043","2023-05-14","ANJALI","4148502759","Men","Kurta","M","Red","1","1299.00","20","1039.2","Cash","Main Market","Rahul"
"1044","2023-09-09","Anil Kumar","0233159987","Accessories","wallet","Free Size","Pink","1","99","15","84.149999999999992","Cash","Main Market","Rahul"
"1045","25-01-2023","ANJALI","8675875585","Men","Jacket","S","Navy","2","0","0","0.0","Cash","Mall Road","AMIT"
"1046","12/07/2024","Walk-in","3845046217","Women","Saree","XL","Navy","1","1599.00","10","1439.1000000000001","UPI","Mall Road","Priya"
"1047","2024-04-02","Walk-in","1066726418","Accessories","Cap","One Size","Red","2","399","10","718.2","UPI","Mall Road","AMIT"
"1048","09/22/2023","ANJALI","4704079365","Men","shirt","L","Navy","2","499","10","898.2","UPI","Main Market","rahul"
"1049","13-09-2023","Walk-in","5789591532","Women","Dupatta","M","Black","1","449","10","404.1","UPI","","Rahul"
"1050","2024-02-20","Ramesh Gupta","NoContact","Kids","Shirt","XL","Navy","1","299","10","269.1","UPI","Station Branch","AMIT"
"1051","24/06/23","Walk-in","3141988726","Accessories","Scarf","One Size","Green","3","299","0","897.0","Cash","Main Market","Sneha"
"1052","2023-10-24","Walk-in","5677154176","Women","top","S","Yellow","1","1999.00","0","1999.0","Cash","Main Market","rahul"
"1053","08-02-2024","Walk-in","0852964552","Kids","Shorts","XL","Grey","2","499","0","998.0","UPI","Mall Road","Amit"
"1054","2025-06-08","Sunita Sharma","6548855875","Men","Jeans","S","White","3","399","0","1197.0","Cash","Mall Road","Sneha"
"1055","28/05/24","Walk-in","5566963389","Accessories","Socks","One Size","Yellow","2","0","10","0.0","Other","Station Branch","Amit"
"1056","2023-06-22","Ramesh Gupta","8426851797","Kids","Shirt","S","Navy","2","199","0","398.0","Cash","Main Market","Rahul"
"1057","2025-03-05","Walk-in","4562446220","Women","Palazzo","S","Navy","2","349","0","698.0","UPI","Station Branch","Sneha"
"1058","2024-05-21","Anil Kumar","9841420248","Kids","t-shirt","L","White","1","499","0","0.0","Card","Main Market","Sneha"
"1059","26-09-2024","ANJALI","8235327737","Women","Saree","Standard","Navy","1","1999","0","1999.0","Card","Mall Road","Sneha"
"1060","26-09-2024","ANJALI","8235327737","Women","Saree","Standard","Navy","1","1999","0","1999.0","Card","Mall Road","Sneha"
"1061","2025-03-28","Walk-in","2702150134","Kids","Shorts","Standard","Blue","1","199","0","199.0","UPI","","House Account"
"1062","04/23/2023","ANJALI","3955714211","Women","Leggings","Standard","White","1","1599","10","1439.1000000000001","Card","","House Account"
"1063","2024-03-04","Walk-in","2007227683","Men","Shirt","L","Green","1","499","20","0.0","Card","Station Branch","House Account"
"1064","2024-04-21","ANJALI","NA","Women","saree","L","Maroon","1","1599","20","1279.2","UPI","Mall Road","Priya"
"1065","24/08/23","Pooja Verma","4142643029","Men","kurta","M","Black","2","599","10","0.0","UPI","Station Branch","Amit"
"1066","2024-07-24","Walk-in","6953908783","Men","Shirt","L","Black","1","599","0","599.0","Cash","Main Market","AMIT"
"1067","2023-06-12","Walk-in","5925629726","Women","Leggings","XL","Maroon","3","899","0","2697.0","Card","Mall Road","Amit"
"1068","2023-09-04","Sunita Sharma","6661051496","Accessories","Wallet","One Size","Pink","1","299","0","299.0","Cash","Station Branch","rahul"
"1069","2024-03-13","Anil Kumar","1344088331","Accessories","socks","One Size","Green","2","149","0","298.0","Card","Mall Road","Priya"
"1070","11-07-2023","Walk-in","NA","Men","Jeans","Standard","Pink","2","0","0","0.0","UPI","Main Market","AMIT"
"1071","06/23/2025","Walk-in","4834387151","Accessories","Scarf","Free Size","Red","1","399","0","399.0","Other","Main Market","AMIT"
"1072","07/12/2024","Sunita Sharma","9123216005","Men","T Shirt","M","Pink","2","0","10","0.0","UPI","Main Market","House Account"
"1073","10/25/2023","Walk-in","3267011678","Women","Palazzo","XL","Black","1","0","0","0.0","UPI","Mall Road","Amit"
"1074","2024-08-10","Walk-in","5304053198","Men","T-Shirt","S","Yellow","1","499","0","499.0","Card","Mall Road","Rahul"
"1075","2023-01-08","Ramesh Gupta","7644058355","Kids","shorts","XXL","Green","1","499","0","499.0","Other","Station Branch","AMIT"
"1076","19-09-2023","Pooja Verma","6801990502","Women","palazzo","XXL","Black","1","349","10","314.1","UPI","Mall Road","Priya"
"1077","2025-03-15","Walk-in","9044813881","Men","Trousers","XL","Green","1","999.00","0","999.0","Card","","rahul"
"1078","07/04/23","Pooja Verma","1770223804","Accessories","Cap","One Size","Maroon","1","149","0","149.0","Card","Mall Road","Amit"
"1079","28/06/23","Walk-in","3357024093","Kids","frock","S","Navy","1","299","0","299.0","UPI","Mall Road","Vikas"
"1080","2025-01-20","Pooja Verma","6227353340","Kids","shorts","XL","White","2","299","20","478.40000000000003","UPI","Mall Road","Rahul"
"1081","2025-03-29","Walk-in","3357044455","Men","jeans","S","Yellow","1","799","0","799.0","UPI","Mall Road","Amit"
"1082","2024-06-28","Walk-in","4638151291","Men","SHIRT","XL","Yellow","2","599","10","1078.2","UPI","Main Market","Vikas"
"1083","06-08-2024","Anil Kumar","NA","Accessories","scarf","One Size","Black","2","199","0","398.0","UPI","Mall Road","Priya"
"1084","20-03-2023","Walk-in","NoContact","Women","Dupatta","XL","Navy","2","1599","0","0.0","UPI","","AMIT"
"1085","02/23/2023","ANJALI","NA","Accessories","Belt","Free Size","Blue","1","99","0","99.0","UPI","Main Market","Amit"
"1086","13/10/24","Walk-in","2001414424","Men","T-Shirt","XXL","Maroon","2","399","0","0.0","UPI","Mall Road","Priya"
"1087","2024-12-20","Walk-in","NA","Kids","shorts","XXL","Yellow","2","399","10","718.2","UPI","Mall Road","Sneha"
"1088","2025-03-01","Ramesh Gupta","3560285869","Accessories","Cap","Free Size","Grey","1","99","0","0.0","Card","Mall Road","AMIT"
"1089","2023-11-15","Walk-in","2459408593","Accessories","Belt","One Size","Blue","1","0","0","0.0","Card","Mall Road","House Account"
"1090","02/06/2025","Anil Kumar","NoContact","Men","Jacket","XL","Yellow","3","1499","15","3822.45","UPI","Mall Road","rahul"
"1091","18/02/25","Anil Kumar","3967499902","Accessories","Socks","Free Size","Grey","2","149","0","298.0","Card","Main Market","Rahul"
"1092","12/25/2024","ANJALI","3529461426","Kids","T-Shirt","XXL","Blue","1","299","0","299.0","UPI","Main Market","Vikas"
"1093","2023-08-12","Walk-in","9171603330","Accessories","BELT","One Size","Pink","1","149","10","134.1","Card","","rahul"
"1094","04/09/23","ANJALI","6777736576","Men","blazer","S","Navy","2","499","10","898.2","UPI","Main Market","House Account"
"1095","02/08/2025","Ramesh Gupta","3135148550","Kids","Frock","S","Blue","1","499","0","499.0","Card","Main Market","rahul"
"1096","2023-10-20","Ramesh Gupta","4279730294","Accessories","SCARF","One Size","Blue","1","199","10","179.1","Card","Main Market","Rahul"
"1097","2023-03-28","Sunita Sharma","5165991945","Women","Saree","XXL","Navy","2","899","10","1618.2","Card","Main Market","Sneha"
"1098","2024-05-29","ANJALI","9501467093","Men","Shirt","S","Yellow","1","499","10","0.0","Cash","Station Branch","Rahul"
"1099","2024-11-10","Walk-in","9921645752","Men","Jacket","S","Grey","1","799","0","799.0","UPI","Main Market","rahul"
"1100","09/01/24","Pooja Verma","NoContact","Accessories","Socks","Free Size","Yellow","1","299","0","299.0","UPI","Main Market","Sneha"
"1101","2023-08-01","Anil Kumar","3224518256","Accessories","Wallet","One Size","Maroon","2","399","10","718.2","Card","Station Branch","AMIT"
"1102","04-10-2024","Sunita Sharma","6922591642","Kids","Shirt","XXL","Green","1","0","0","0.0","UPI","","Rahul"
"1103","2024-06-20","Anil Kumar","NA","Men","Trousers","M","Blue","1","1499","0","1499.0","UPI","Main Market","rahul"
"1104","2024-06-20","Anil Kumar","NA","Men","Trousers","M","Blue","1","1499","0","1499.0","UPI","Main Market","rahul"
"1105","08-03-2023","Sunita Sharma","0327303248","Women","Leggings","XL","White","2","1599.00","20","2558.4","UPI","","House Account"
"1106","2025-01-07","Anil Kumar","6218531112","Women","Palazzo","L","Maroon","2","349","10","628.2","UPI","","rahul"
"1107","27/03/24","Anil Kumar","NoContact","Men","BLAZER","L","Blue","1","599.00","10","539.1","Card","Main Market","House Account"
"1108","14/04/24","Pooja Verma","1388655009","Kids","t-shirt","XXL","Green","3","399","0","1197.0","UPI","Main Market","Amit"
"1109","2024-07-29","Ramesh Gupta","8780720203","Women","Top","XXL","White","1","1999","0","1999.0","Cash","Main Market","rahul"
"1110","09-05-2024","ANJALI","9056574396","Accessories","Cap","Free Size","Grey","2","299","10","538.2","UPI","Main Market","rahul"
"1111","05/02/23","Ramesh Gupta","5467347436","Kids","SHIRT","L","Navy","2","0","0","0.0","UPI","Main Market","Sneha"
"1112","09/17/2023","Anil Kumar","1190359409","Men","Kurta","XXL","Maroon","1","799","10","719.1","Card","Station Branch","AMIT"
"1113","24-11-2023","Ramesh Gupta","4039978387","Men","Blazer","M","White","1","999","20","799.2","Cash","Station Branch","Sneha"
"1114","2023-12-23","Walk-in","NoContact","Accessories","wallet","Free Size","Navy","1","99","10","89.100000000000009","Cash","Main Market","AMIT"
"1115","19-05-2023","Ramesh Gupta","NoContact","Accessories","Belt","One Size","Grey","2","0","20","0.0","Card","Mall Road","Vikas"
"1116","03/09/24","Walk-in","5713649674","Men","jeans","M","Red","1","499.00","0","499.0","Cash","Mall Road","AMIT"
"1117","23/01/25","ANJALI","3851576467","Kids","shorts","L","Black","1","199","0","199.0","UPI","Main Market","Sneha"
"1118","2025-02-02","Pooja Verma","NA","Women","Kurti","L","Maroon","1","1599","10","1439.1000000000001","Cash","Main Market","Vikas"
"1119","17/05/23","Ramesh Gupta","0324271618","Kids","Frock","L","Grey","2","199","0","398.0","Other","Mall Road","AMIT"
"1120","2023-04-09","Ramesh Gupta","9229412328","Kids","Shirt","M","White","1","199","20","159.20000000000002","Card","Main Market","Vikas"
"1121","23-02-2025","Walk-in","5630328267","Men","Kurta","L","Yellow","2","599","10","1078.2","Card","Station Branch","rahul"
"1122","2023-06-26","Pooja Verma","5643476088","Kids","SHIRT","XL","Pink","2","0","10","0.0","Card","Main Market","Vikas"
"1123","01/02/25","Walk-in","0336490847","Accessories","Cap","Free Size","White","1","0","0","0.0","UPI","Mall Road","Sneha"
"1124","2023-03-16","Walk-in","5796229511","Men","T-SHIRT","Standard","Blue","1","799.00","0","799.0","Card","","Rahul"
"1125","22/04/25","Walk-in","4106678845","Men","Tshirt","S","Green","1","799.00","20","639.2","Card","Mall Road","Rahul"
"1126","02/13/2025","Walk-in","2305066714","Women","Palazzo","M","White","3","1199","10","3237.3","Cash","Mall Road","AMIT"
"1127","16-07-2024","Anil Kumar","2089521768","Kids","Shorts","S","Black","1","299","0","299.0","Cash","Mall Road","Rahul"
"1128","10-01-2024","Walk-in","9623838440","Kids","T Shirt","M","Black","1","199","10","179.1","Other","Mall Road","House Account"
"1129","27-04-2024","ANJALI","0034568848","Women","Dress","M","Blue","2","1199","0","2398.0","UPI","Station Branch","rahul"
"1130","2023-04-19","Walk-in","NA","Accessories","Cap","One Size","Black","3","99","0","297.0","Card","Main Market","Vikas"
"1131","2023-04-19","Walk-in","NA","Accessories","Cap","One Size","Black","3","99","0","297.0","Card","Main Market","Vikas"
"1132","01/18/2024","Pooja Verma","4803163678","Men","Jeans","XXL","White","3","0","10","0.0","Cash","Main Market","House Account"
"1133","19/05/23","Walk-in","8532987340","Women","Dress","L","Black","2","1999","0","3998.0","UPI","Mall Road","House Account"
"1134","2025-05-30","ANJALI","3961034057","Kids","Shirt","XL","Grey","1","199","0","199.0","UPI","Main Market","Rahul"
"1135","02/06/24","ANJALI","6991658723","Men","JEANS","Standard","Yellow","1","0","20","0.0","Card","Mall Road","rahul"
"1136","19/05/25","Walk-in","8852499196","Accessories","belt","Free Size","Yellow","1","399","0","399.0","Other","Station Branch","House Account"
"1137","20-05-2024","ANJALI","6944814400","Kids","Frock","Standard","Red","1","399.00","0","399.0","Card","Main Market","Amit"
"1138","2025-01-20","Walk-in","5427344979","Women","DUPATTA","S","Maroon","1","1999","0","1999.0","Other","Station Branch","AMIT"
"1139","07/09/23","Walk-in","5392590677","Women","Dupatta","XL","Yellow","2","899","10","1618.2","Other","Main Market","AMIT"
"1140","21/05/24","Anil Kumar","NoContact","Kids","Frock","Standard","Red","1","0","0","0.0","Cash","Mall Road","AMIT"
"1141","2023-08-04","Walk-in","7676227025","Men","Trousers","M","Yellow","2","399","10","718.2","Cash","Mall Road","Vikas"
"1142","2024-03-22","Walk-in","1550261340","Accessories","Scarf","Free Size","Yellow","2","299","0","598.0","Other","Main Market","rahul"
"1143","02/06/25","Sunita Sharma","NA","Accessories","Cap","One Size","Yellow","1","199","10","179.1","Card","Main Market","AMIT"
"1144","2024-10-31","Pooja Verma","5526151070","Men","JEANS","M","Pink","3","399","10","1077.3","Cash","Station Branch","House Account"
"1145","11/02/2024","Anil Kumar","9263560062","Men","Kurta","XXL","Grey","2","1499","20","2398.4","UPI","Mall Road","House Account"
"1146","2023-09-15","Walk-in","1976213461","Men","Jacket","XL","Pink","1","0","15","0.0","Card","Mall Road","Sneha"
"1147","2023-06-21","ANJALI","NoContact","Women","dupatta","M","Green","1","0","0","0.0","UPI","Station Branch","Vikas"
"1148","2023-11-28","Walk-in","9058081403","Women","Dress","Standard","Blue","2","449","20","718.40000000000009","UPI","","Priya"
"1149","19/12/24","Sunita Sharma","2124676428","Men","Jeans","M","Yellow","1","1299","10","1169.1000000000001","UPI","Main Market","rahul"
"1150","08/15/2024","Walk-in","NA","Women","Kurti","L","Navy","2","1999","0","3998.0","Card","Mall Road","House Account"
"1151","08/15/2024","Walk-in","NA","Women","Kurti","L","Navy","2","1999","0","3998.0","Card","Mall Road","House Account"
"1152","2023-08-29","Pooja Verma","1645086295","Accessories","Belt","One Size","Yellow","2","0","0","0.0","Cash","Mall Road","Amit"
"1153","11/07/24","Walk-in","0583934083","Kids","Shirt","L","Blue","3","199","10","537.30000000000007","Card","Station Branch","House Account"
"1154","14/04/24","Walk-in","NoContact","Men","kurta","S","Maroon","2","999","0","1998.0","Card","Mall Road","Sneha"
"1155","03/13/2025","Walk-in","NoContact","Kids","T-Shirt","XXL","Navy","2","399","10","718.2","Cash","Mall Road","Amit"
"1156","2024-10-19","Ramesh Gupta","0323186679","Kids","Shorts","M","Maroon","2","399.00","0","798.0","Card","Mall Road","Amit"
"1157","2024-10-19","ANJALI","7953342253","Men","BLAZER","S","Red","3","599","0","1797.0","Card","Mall Road","AMIT"
"1158","2023-04-13","Walk-in","0363839687","Women","Dress","L","Yellow","3","1599","10","4317.3","Other","Mall Road","AMIT"
"1159","12/15/2023","Walk-in","0254616794","Kids","Frock","XXL","Navy","2","499","0","998.0","UPI","Station Branch","rahul"
"1160","08-03-2023","Walk-in","7235019473","Women","Palazzo","S","White","1","1199","0","1199.0","UPI","Mall Road","House Account"
"1161","2023-04-10","Walk-in","6690625157","Kids","Shirt","XXL","Blue","2","0","0","0.0","Cash","Station Branch","rahul"
"1162","2024-10-18","Pooja Verma","2948305171","Accessories","Belt","Free Size","Red","1","399","0","399.0","UPI","Main Market","Sneha"
"1163","2025-02-26","Walk-in","5031049791","Kids","Frock","XL","Yellow","2","499.00","0","998.0","Other","","Amit"
"1164","2024-11-15","ANJALI","NA","Men","Jacket","S","Navy","2","999","0","1998.0","Cash","Main Market","Vikas"
"1165","01/16/2024","Anil Kumar","7673507810","Women","Leggings","XL","Pink","1","1999","10","1799.1000000000001","Card","Mall Road","Vikas"
"1166","2024-03-27","Pooja Verma","4390951956","Accessories","belt","Free Size","Blue","3","299","0","897.0","Card","Main Market","Priya"
"1167","02/22/2025","ANJALI","3965272959","Men","JEANS","XL","Green","2","399","0","798.0","UPI","Station Branch","Rahul"
"1168","08/10/2024","Ramesh Gupta","1326893746","Accessories","belt","One Size","Navy","3","199","0","597.0","UPI","Mall Road","Priya"
"1169","09-02-2025","ANJALI","5589223552","Kids","Shirt","Standard","Black","2","199","15","338.3","Card","Main Market","Rahul"
"1170","2023-07-18","Pooja Verma","2684746455","Women","dupatta","XXL","Black","1","449","0","449.0","Cash","Main Market","House Account"
"1171","11-01-2023","Walk-in","8679744761","Men","Kurta","XXL","Grey","1","599","0","599.0","Card","Main Market","rahul"
"1172","06/01/2023","Pooja Verma","2819150237","Kids","Shirt","M","White","1","499","0","499.0","Card","Main Market","House Account"
"1173","2023-06-17","Walk-in","9773660985","Women","Kurti","S","Yellow","2","349","10","628.2","UPI","Mall Road","rahul"
"1174","04/30/2023","Walk-in","9844496163","Kids","Frock","XXL","Pink","2","499","0","998.0","UPI","Main Market","AMIT"
"1175","2024-07-15","Walk-in","5798322900","Women","kurti","M","Pink","1","1199","10","0.0","Card","Main Market","rahul"
"1176","09/06/25","Walk-in","3933065335","Kids","Shorts","S","Yellow","1","199","0","199.0","UPI","","Rahul"
"1177","07/03/25","Ramesh Gupta","6309773983","Accessories","wallet","Free Size","Navy","2","399.00","0","798.0","Card","Station Branch","House Account"
"1178","02-03-2025","Walk-in","NoContact","Kids","T-Shirt","L","Green","1","199","10","179.1","Cash","Mall Road","House Account"
"1179","2024-03-28","Ramesh Gupta","7245819870","Women","dress","L","Green","2","449","0","898.0","UPI","","Rahul"
"1180","03/27/2025","Walk-in","6721281568","Kids","Frock","Standard","Navy","1","299","10","269.1","Card","Station Branch","House Account"
"1181","03/12/2024","Walk-in","8583068483","Women","dress","S","Green","1","0","0","0.0","Card","Main Market","Sneha"
"1182","2025-03-20","Sunita Sharma","NoContact","Accessories","Cap","One Size","Red","1","199","0","199.0","Other","Mall Road","AMIT"
"1183","2024-05-11","Sunita Sharma","7208024104","Women","Leggings","L","Red","3","599","0","1797.0","UPI","Station Branch","Sneha"
"1184","2023-08-25","Walk-in","7500045840","Men","Trousers","S","Pink","2","0","0","0.0","UPI","Station Branch","Rahul"
"1185","2024-02-18","ANJALI","NoContact","Accessories","Scarf","Free Size","Yellow","1","399","0","399.0","Cash","Mall Road","Rahul"
"1186","2023-09-11","Walk-in","0453980488","Women","Saree","S","Green","3","1599","10","4317.3","Cash","","rahul"
"1187","12/02/24","Walk-in","1303846912","Men","Blazer","S","Navy","2","0","0","0.0","Card","Mall Road","Amit"
"1188","2023-06-15","Anil Kumar","9474508098","Kids","Shirt","S","Black","2","299","0","598.0","Card","Mall Road","Priya"
"1189","09/07/23","Sunita Sharma","5829694541","Accessories","Belt","Free Size","Maroon","1","199.00","0","199.0","Card","Station Branch","Rahul"
"1190","01/05/24","Walk-in","7414644026","Kids","Shirt","M","Red","1","299","0","299.0","Card","Main Market","Sneha"
"1191","2023-05-16","Walk-in","5056880848","Women","Dupatta","M","Blue","1","1199","0","1199.0","UPI","Main Market","Vikas"
"1192","04/04/24","Pooja Verma","6958819468","Men","blazer","XXL","White","1","799","0","799.0","UPI","Mall Road","Vikas"
"1193","2025-04-14","Walk-in","5366783203","Women","DUPATTA","M","Maroon","3","599","0","1797.0","Cash","Mall Road","AMIT"
"1194","08-06-2024","Walk-in","4802362801","Men","Jeans","L","Red","3","499","10","1347.3","Other","Mall Road","Sneha"
"1195","20/11/24","Pooja Verma","NoContact","Men","Shirt","L","White","1","999.00","0","999.0","Card","Main Market","Vikas"
"1196","2025-03-11","Walk-in","6135062108","Accessories","belt","One Size","Black","1","299","10","269.1","UPI","Mall Road","Rahul"
"1197","08/08/23","Walk-in","NoContact","Accessories","WALLET","Free Size","Navy","1","149","0","149.0","Cash","Main Market","Vikas"
"1198","27-01-2023","Anil Kumar","6260702474","Men","Trousers","XL","White","2","399","0","798.0","UPI","Station Branch","Amit"
"1199","2023-06-28","Sunita Sharma","NoContact","Men","t-shirt","XL","White","1","999","0","999.0","UPI","","Vikas"
"1200","2025-04-30","Walk-in","4636698375","Accessories","Scarf","Free Size","Blue","2","199","0","0.0","Card","Station Branch","Sneha"
"1201","03/21/2023","Anil Kumar","8043331569","Accessories","Scarf","Free Size","Grey","1","399","0","399.0","UPI","","Sneha"
"1202","05/07/2025","Ramesh Gupta","NoContact","Women","leggings","Standard","Maroon","1","449","0","449.0","Cash","Main Market","Priya"
"1203","2024-08-09","Walk-in","9005673526","Men","Shirt","S","Grey","1","399.00","0","399.0","Card","Main Market","Vikas"
"1204","27-04-2023","Walk-in","4124845467","Kids","Frock","S","Yellow","1","199","10","179.1","Card","","Vikas"
"1205","06-05-2023","ANJALI","1706130112","Men","Kurta","XL","Maroon","1","999","0","999.0","Other","Main Market","AMIT"
"1206","30-01-2025","Walk-in","8460389515","Accessories","Scarf","One Size","Maroon","2","149","10","268.2","Cash","Mall Road","Vikas"
"1207","2023-04-25","Walk-in","NA","Kids","Shirt","S","Red","2","199","0","398.0","Other","Mall Road","Vikas"
"1208","04-05-2024","Walk-in","8525317504","Accessories","Scarf","Free Size","White","3","199","0","597.0","Cash","Station Branch","House Account"
"1209","2024-05-09","Walk-in","8472668063","Accessories","Socks","One Size","Red","3","149","0","447.0","Other","Main Market","Priya"
"1210","02-04-2023","Walk-in","1795928223","Kids","Shorts","XL","Black","2","199","0","398.0","Cash","Mall Road","Rahul"
"1211","05/21/2024","Walk-in","NA","Women","Top","XL","Blue","1","449","0","449.0","UPI","Main Market","Priya"
"1212","2024-12-26","Sunita Sharma","NoContact","Kids","Frock","XXL","Green","1","499","0","499.0","UPI","Main Market","House Account"
"1213","05/15/2024","ANJALI","7238161292","Women","Dupatta","XXL","Yellow","2","1599","0","3198.0","Cash","Main Market","Sneha"
"1214","23-10-2023","Walk-in","NA","Men","Shirt","XL","Yellow","2","499","0","998.0","Cash","Main Market","AMIT"
"1215","29/07/24","Walk-in","NA","Women","Top","XL","Red","1","1999","10","1799.1000000000001","Cash","Mall Road","Amit"
"1216","2024-07-10","Sunita Sharma","8838037473","Women","Dress","XXL","Red","1","0","0","0.0","UPI","Mall Road","rahul"
"1217","06/15/2024","Ramesh Gupta","8118082938","Women","Leggings","L","Green","1","0","0","0.0","Card","Mall Road","Amit"
"1218","01-03-2025","Pooja Verma","7063311916","Kids","Shirt","M","Grey","3","499","0","1497.0","UPI","Main Market","Sneha"
"1219","01/03/2025","Pooja Verma","7912072095","Accessories","Socks","Free Size","White","3","99","0","297.0","Card","Main Market","Priya"
"1220","01/03/2025","Pooja Verma","7912072095","Accessories","Socks","Free Size","White","3","99","0","297.0","Card","Main Market","Priya"
"1221","2023-11-19","Walk-in","5155674092","Accessories","Socks","One Size","Yellow","1","399","10","359.1","UPI","","Sneha"
"1222","07-08-2024","Sunita Sharma","4654840000","Men","SHIRT","M","Green","2","1499","0","2998.0","UPI","Station Branch","AMIT"
"1223","2024-10-21","Walk-in","4183281137","Accessories","belt","One Size","Green","1","399","0","399.0","UPI","","Amit"
"1224","19/09/23","Ramesh Gupta","9248878073","Accessories","SCARF","One Size","Green","1","99","10","89.100000000000009","UPI","Mall Road","Sneha"
"1225","19/01/24","Ramesh Gupta","9670447771","Men","Trousers","XXL","Grey","3","1499","0","4497.0","Cash","Main Market","House Account"
"1226","19/01/24","Ramesh Gupta","9670447771","Men","Trousers","XXL","Grey","3","1499","0","4497.0","Cash","Main Market","House Account"
"1227","11/28/2023","Anil Kumar","3744845557","Men","BLAZER","L","Yellow","2","599","0","1198.0","Card","","Vikas"
"1228","27/05/23","Pooja Verma","8870894266","Women","Kurthi","S","Navy","1","449","0","449.0","Cash","","Amit"
"1229","05/03/23","Walk-in","NoContact","Men","Jacket","M","Yellow","1","0","0","0.0","Cash","Main Market","Sneha"
"1230","04-01-2023","Pooja Verma","5991129464","Kids","t-shirt","M","Grey","3","299","0","897.0","Card","Station Branch","Priya"
"1231","09/09/24","Pooja Verma","9423943837","Kids","Shirt","XXL","Yellow","2","299","10","538.2","UPI","Station Branch","Vikas"
"1232","2025-05-31","Walk-in","8672877478","Women","Palazzo","Standard","Maroon","2","1599","0","3198.0","Cash","Station Branch","rahul"
"1233","21-03-2023","ANJALI","9129433702","Accessories","scarf","One Size","Blue","1","0","0","0.0","Card","Mall Road","Rahul"
"1234","21-03-2023","ANJALI","9129433702","Accessories","scarf","One Size","Blue","1","0","0","0.0","Card","Mall Road","Rahul"
"1235","15-06-2025","Ramesh Gupta","0174931756","Men","Kurta","Standard","White","2","399","0","798.0","Card","Main Market","AMIT"
"1236","2024-07-18","Walk-in","2400613865","Women","Saree","S","Blue","2","1999","0","3998.0","Cash","","House Account"
"1237","2023-02-03","Anil Kumar","NoContact","Men","Jeans","L","Pink","2","0","10","0.0","Cash","Station Branch","House Account"
"1238","2025-05-17","Sunita Sharma","5625750422","Accessories","belt","One Size","Maroon","1","199","0","199.0","Other","","rahul"
"1239","27-01-2024","Anil Kumar","0197557082","Men","Jacket","L","Green","1","399","0","399.0","UPI","Mall Road","Vikas"
"1240","2023-03-08","Walk-in","NA","Men","Jeans","M","Navy","2","599.00","0","1198.0","Cash","Mall Road","Vikas"
"1241","25-03-2024","Walk-in","1436597239","Accessories","Belt","Free Size","Green","1","199","0","199.0","Card","Mall Road","Priya"
"1242","2024-12-28","Walk-in","NoContact","Accessories","Belt","Free Size","Red","1","0","0","0.0","UPI","Mall Road","House Account"
"1243","03/28/2025","Walk-in","4914309215","Kids","Shirt","S","Pink","1","499","0","499.0","UPI","Main Market","Sneha"
"1244","2023-12-12","Anil Kumar","9151676166","Women","Leggings","S","Blue","1","899","0","899.0","UPI","Mall Road","Sneha"
"1245","2023-02-17","Walk-in","4097873871","Accessories","belt","One Size","White","2","149","0","298.0","Cash","Main Market","Rahul"
"1246","2024-06-30","ANJALI","6493759044","Accessories","Cap","One Size","Pink","1","99","10","89.100000000000009","UPI","Main Market","Rahul"
"1247","2024-06-30","ANJALI","6493759044","Accessories","Cap","One Size","Pink","1","99","10","89.100000000000009","UPI","Main Market","Rahul"
"1248","25-02-2025","Anil Kumar","0198575473","Kids","Shirt","M","Grey","1","199","0","199.0","Cash","Mall Road","Amit"
"1249","14-01-2024","Walk-in","NA","Women","Top","S","Grey","1","599","0","599.0","Card","Station Branch","AMIT"
"1250","10-04-2025","ANJALI","NoContact","Accessories","Wallet","Free Size","Red","1","149","0","149.0","Card","Main Market","Vikas"
"1251","12/10/2024","Walk-in","5945681508","Men","T-Shirt","XXL","Blue","1","999","10","899.1","Other","Main Market","AMIT"
"1252","02/16/2025","Walk-in","6025092704","Accessories","Cap","Free Size","Red","1","199","0","199.0","Card","Mall Road","rahul"
"1253","2023-01-30","Ramesh Gupta","7380882330","Kids","Shirt","XL","Black","2","299","0","0.0","UPI","Mall Road","AMIT"
"1254","18/02/24","Walk-in","2816896006","Men","Blazer","L","Blue","2","999","10","1798.2","Cash","Main Market","AMIT"
"1255","05/18/2023","Sunita Sharma","NoContact","Men","jeans","L","Black","1","999","0","0.0","Card","Main Market","Sneha"
"1256","2024-07-18","Walk-in","4833465867","Men","Shirt","XXL","White","2","599","10","1078.2","Other","Station Branch","Rahul"
"1257","2023-10-10","Ramesh Gupta","NA","Women","Palazzo","M","Blue","1","1999","0","1999.0","UPI","","Rahul"
"1258","21-02-2025","Anil Kumar","4662199785","Kids","Shirt","XL","Black","1","399","0","399.0","UPI","Main Market","Vikas"
"1259","25-01-2023","Anil Kumar","4138273868","Kids","Shirt","XL","Black","1","199","0","199.0","Other","Station Branch","rahul"
"1260","2023-10-03","Walk-in","4371492627","Women","Saree","L","Maroon","1","1199","0","1199.0","Cash","Main Market","rahul"
"1261","22-07-2023","ANJALI","3216656910","Women","Dupatta","L","Black","2","1599","0","3198.0","Cash","Main Market","AMIT"
"1262","2023-11-14","Sunita Sharma","6526505347","Men","T-Shirt","Standard","Black","1","599","10","539.1","Cash","Station Branch","House Account"
"1263","11/27/2023","Walk-in","2301643032","Kids","Frock","L","Yellow","1","499","0","499.0","UPI","Main Market","Amit"
"1264","21/02/25","Sunita Sharma","7283419067","Kids","Shorts","Standard","Maroon","1","399","0","399.0","Card","Station Branch","Vikas"
"1265","26-04-2024","Walk-in","9105579991","Kids","frock","XXL","Navy","1","499","0","499.0","Card","Mall Road","House Account"
"1266","10-08-2023","Ramesh Gupta","9435784590","Men","blazer","M","Green","1","499","0","499.0","Cash","Main Market","Priya"
"1267","11-04-2024","ANJALI","NoContact","Men","Tshirt","L","Black","2","399","0","798.0","Other","","Rahul"
"1268","26/02/25","Walk-in","NoContact","Accessories","Wallet","Free Size","Black","1","199","0","199.0","Other","Main Market","AMIT"
"1269","2025-06-06","Walk-in","8579282629","Accessories","Cap","Free Size","White","3","149","0","0.0","UPI","","House Account"
"1270","2024-04-01","Ramesh Gupta","NoContact","Women","Dress","XL","Pink","1","1599","0","0.0","Card","Mall Road","Priya"
"1271","2024-09-17","Anil Kumar","8700512538","Accessories","Belt","One Size","Yellow","3","99","0","297.0","Cash","Mall Road","Sneha"
"1272","2024-11-23","ANJALI","1152438720","Accessories","Cap","Free Size","Pink","1","299","0","299.0","UPI","Mall Road","Vikas"
"1273","01/03/2025","ANJALI","1573685070","Men","Kurta","L","Yellow","2","1299","10","2338.2000000000003","Cash","Main Market","Sneha"
"1274","26/09/24","Pooja Verma","6015043401","Men","Blazer","XL","Black","2","399","0","798.0","Card","","Vikas"
"1275","2024-06-16","Walk-in","2330946214","Accessories","Scarf","One Size","Yellow","1","149","0","149.0","Card","Main Market","AMIT"
"1276","2024-06-16","Walk-in","2330946214","Accessories","Scarf","One Size","Yellow","1","149","0","149.0","Card","Main Market","AMIT"
"1277","2023-02-03","Pooja Verma","8749612298","Kids","T-SHIRT","XL","Navy","1","499","10","449.1","UPI","","AMIT"
"1278","05/29/2024","Ramesh Gupta","NoContact","Accessories","socks","Free Size","White","1","399","0","399.0","Cash","Mall Road","Vikas"
"1279","2025-01-19","Walk-in","8282464913","Accessories","Scarf","Free Size","Blue","2","299.00","10","538.2","Cash","","Sneha"
"1280","05/09/23","Walk-in","NoContact","Men","Jeans","M","Grey","1","999","0","999.0","UPI","Mall Road","Vikas"
"1281","02-10-2024","Walk-in","8900986068","Men","Jacket","XXL","Blue","2","599","0","1198.0","Card","","rahul"
"1282","2025-01-28","Anil Kumar","4049779572","Accessories","BELT","One Size","Grey","3","149","0","447.0","Card","Main Market","rahul"
"1283","2025-01-28","Anil Kumar","4049779572","Accessories","BELT","One Size","Grey","3","149","0","447.0","Card","Main Market","rahul"
"1284","2023-04-13","Sunita Sharma","5832519901","Men","Trousers","XXL","Pink","2","999","0","1998.0","UPI","Station Branch","Amit"
"1285","2023-07-23","Sunita Sharma","2138011557","Women","Dress","XL","Red","2","599.00","0","1198.0","Cash","Main Market","House Account"
"1286","01/04/2025","Walk-in","4213957965","Kids","frock","M","Grey","1","299.00","20","239.20000000000002","Cash","Main Market","rahul"
